Energy (eV),Absorption (OD),EA 20 kV/cm (mOD),EA 30 kV/cm (mOD),EA 40 kV/cm (mOD),EA 50 kV/cm (mOD),EA 60 kV/cm (mOD),EA 70 kV/cm (mOD)
3.5424055142857145,0.5405276548256271,-1.2615174738817334,-2.273915243924606,1.0436882499204279,-1.6188928795894881,-0.029823491217239703,5.108397677108579
3.532313190883191,0.5471830941233922,-0.7095043289729073,0.01440892224597139,1.0626085051901157,1.4801858560095411,-1.18826090056898,2.1506794025496627
3.522278210227273,0.5697877417498649,0.11128173911348957,0.3796262415988042,-1.0764988037513195,1.4757003303133123,0.9319753337109196,0.8259874076198138
3.512300084985836,0.5856034932210306,-3.846938438510803,0.36709958895054706,-0.47269312389264156,2.4196010321998354,0.6526383439591568,0.9099554621055814
3.5023783333333336,0.6004792976587181,-1.015093028129045,0.8882169762538469,0.360455927144439,0.2731488822293744,0.3418650904066258,-0.2281936446882014
3.49251247887324,0.6092602423932364,-0.4789406980218656,0.6858150745854996,1.2226905977888245,0.28392498936270144,-0.8610422799149074,-0.589240188449508
3.482702050561798,0.6228220763560365,-1.4251437458605607,0.15002883676960657,1.2350182041039894,1.5681154444079173,-0.2098500007799802,-0.3822066283898167
3.4729465826330532,0.6330273010427071,-0.24492943111816626,1.0769637927889333,0.7123393219785469,0.7938798154310132,-0.5546087710213461,-0.12496073070864631
3.46324561452514,0.63986468351346,1.0097286563234276,0.8961637149382421,-0.37023728520235,0.35850614891077826,-0.12146962744103668,-0.5677858006439571
3.4535986908077994,0.654370294994771,1.0354869273918061,0.41111581840075473,-0.3202850314603311,0.07012947833479183,0.10915956668104697,-0.055879493915597996
3.4440053611111114,0.6735601779451897,1.2659224879121291,-0.0324850429708039,-0.15080126392053322,-1.070405266498166,0.03266756274706075,0.15690474077394864
3.4344651800554016,0.68288182389403,0.22972836046992398,-0.4893619117568337,0.14266326545916402,-0.5284380516520865,0.2670550186626685,0.07554946811249452
3.4249777071823204,0.6961780235975288,0.025925359479253802,-0.35374825486137973,0.2934134136812705,0.008825582750220967,-0.042472144706966,0.07021283898849241
3.4155425068870526,0.7107875608060771,0.52659874376596,0.015937015278493134,-0.34977842545106175,-0.15374829053628586,-0.45549125114357336,0.07233770510803955
3.4061591483516485,0.7196765922065599,0.083041292190147,-0.3360032684866028,-0.23608428986097274,0.1285499552267892,0.01532303513841497,0.5980805219204431
3.396827205479452,0.7267751575695994,0.02418694155350652,-0.11524880605915602,-0.09083187480561221,0.06898462985356059,-0.11649281790014926,-0.05342684246483799
3.387546256830601,0.7333265947580617,0.31672583678256416,0.1472470701630099,-0.0011810403155591612,-0.20107165691329656,0.1740222830833554,-0.07676461114549031
3.378315885558583,0.7414612417189421,-0.0023387821174983966,-0.10850568759367887,0.06234256806698983,0.20107541855892808,0.04927703583904147,-0.3005284378557049
3.3691356793478264,0.7423863408977139,0.19225600122967684,0.1571914850809388,0.11496232438958777,-0.019239609791691273,-0.6115418808376765,-0.014007104542049984
3.3600052303523036,0.745483216998154,0.11953413598170712,-0.13898376808390062,0.6831076469504671,0.7393856175743289,0.08684509966476794,-0.13265583423362518
3.350924135135135,0.7446106371794686,-0.07611420198485541,0.02344820157124038,0.16473819804290035,0.3089152964149933,0.03275685464349474,0.05624501634712385
3.3418919946091648,0.7381282439716708,-0.28889851654578563,-0.330279110410573,0.029560705642154884,0.02856520569300907,-0.08557590175694522,0.13984724842388058
3.332908413978495,0.7359645979806846,0.11060095463832696,-0.23973131377259824,0.39641017793273525,0.13696190270547248,0.21484871028497285,-0.3490970883417699
3.3239730026809653,0.7279088915288587,-0.38280060569767677,0.13550660279334237,0.5220903774021003,-0.4496802922862354,-0.06756362006275622,-0.18842179203557521
3.315085374331551,0.7268085611153245,-0.09006946573021371,-0.02902401993178859,0.4469244957168954,0.008674831466277238,-0.0642998701259612,0.03643484158482643
3.306245146666667,0.7239909903927724,0.3759944074300669,0.6581006657892118,0.396391469757329,0.26124773395209994,-0.040493110124572115,0.14444747335325797
3.2974519414893617,0.7228409240808791,0.2748545869261295,0.601860736025397,0.4865667532586162,0.09295006291932899,-0.17931729379512298,0.1820996216978046
3.2887053846153846,0.7189652330691122,0.4294709937332913,-0.1059338405407874,0.14841053554071365,-0.4244324426239624,-0.15809953974975618,0.05827898066589517
3.280005105820106,0.7200394453897664,0.5736270788028249,-0.43992699646841465,-0.0008173814051258386,-0.4021397097230382,-0.4881301265976678,0.07397599934024876
3.2713507387862797,0.7243735739413845,0.28859557582389755,-0.46669511981651607,-0.02034483804619011,-0.35624028084274834,-0.139314094856583,0.16011333374396108
3.2627419210526316,0.7328520529162953,0.059300441167492404,-0.05190115465862313,0.03685341486943389,0.22011084862106547,0.08232708718175588,-0.08836540530641372
3.2541782939632546,0.7403719866165472,0.7821272512139993,-0.32441921322708894,-0.37295826318285585,0.20685127181595706,0.015940717781191334,-0.017500856076726932
3.245659502617801,0.7431604771641941,0.5474222808707376,-0.5438978735431532,-0.02745657629490205,0.012511379746152957,0.16407592324610454,-0.4791387135368255
3.2371851958224545,0.7415869878188576,0.13436218640712275,-0.029973777227867877,0.018828835230388887,-0.011878411659904945,0.0757722563867441,-0.2405230845640054
3.2287550260416666,0.7341032913883176,0.0911580214629712,-0.03778193700767706,-0.1134930223407878,0.1799482977575008,0.019366489612905897,-0.10371384314965817
3.2203686493506494,0.7231005669521665,0.04540852177958462,0.11425837880040633,0.0019322293455497645,-0.08222409833497467,0.2658239993714602,0.09436174161842638
3.2120257253886013,0.7064018797887363,0.01998826939978273,0.13647070284608787,0.006710303034605148,0.07784237786464529,0.05382622922803205,0.06967536261225142
3.2037259173126618,0.6854359936090416,0.03201243444533334,0.12715314534695837,0.09577619133122227,0.015037361910662617,0.017701379132737505,-0.0812811918739772
3.1954688917525775,0.666421321259401,0.03968886048974091,0.04271162547886944,0.06033880818463705,-0.07950461050959112,-0.03536729321968766,-0.1130782439593843
3.187254318766067,0.6483835630147495,-0.00973582983284622,-0.01286520770715273,0.047541416708139446,0.04718759935388696,-0.05999615681907,-0.09261830096902751
3.179081871794872,0.6456105725375139,0.01208440848090491,-0.013978290484865907,0.035702300368766926,-0.005068474279045257,-0.013453645249432992,-0.05484477882343808
3.1709512276214835,0.6579713475488312,-0.001892510364189555,-0.09442032834173612,0.007713851980873614,-0.016343717253675415,-0.028153239163439803,-0.07809810556260989
3.1628620663265306,0.6779277426300083,0.013083538397597452,-0.028149489529146657,0.03392395043020635,0.013252603891234881,0.0141860844112363,-0.005231273667723806
3.1548140712468196,0.7018367611169228,-0.004585845219702449,0.009040324019897959,0.02193553689135811,0.06670934795717896,0.07181961124497092,0.1075029839334116
3.1468069289340104,0.7165072688900831,-0.008524430303291189,0.016097814544135135,0.0342651807803907,0.09445021606877399,0.059504720892827975,0.14891303888000773
3.138840329113924,0.7229340877592942,0.004441619024552185,0.014276775909795824,0.04477047211511246,0.04798173804684721,0.05529841222321264,0.07407038551832948
3.130913964646465,0.7194375204300972,-0.01052497143970641,-0.0014058924789316987,0.03776577760249802,0.01587446848077759,0.02353879326660112,0.0367311564203862
3.123027531486146,0.712226390638227,-0.0078109043228526956,-0.01248460125816845,-0.0032944097050091837,0.0071821836676928775,-0.006898752364554947,0.012664075223141122
3.115180728643216,0.6991977331061968,0.008949325591717034,0.0003626514397998146,0.011883236976954346,0.015355866707562216,0.009707311039033408,0.039217898505902016
3.1073732581453637,0.6762329351443309,0.006651406876975255,0.008338382330630034,0.01603611513044965,0.037449017803513056,0.047420404377747874,0.07355349963321962
3.099604825,0.643255580425112,-0.004529523043239942,0.004075378335785214,0.027308102636058994,0.06652865991150152,0.06587955592475007,0.09890261488730095
3.0918751371571074,0.6076346470672126,-0.00308029881698406,-0.009215369097094165,0.026669590890112914,0.039322664544370764,0.07183655566518625,0.09853351743165722
3.0841839054726368,0.5752829610098827,0.0007332962593465197,-0.005165493788847818,0.023604750390759516,0.03467403194383982,0.07746385925911022,0.09315002406782354
3.0765308436724568,0.5471557213130552,0.00792884216970985,0.01091326132335191,0.018350440460041,0.03841195449285701,0.07299218688134546,0.09304807653825928
3.0689156683168317,0.5233180341224135,-0.0015767694682295899,0.00819485553964129,0.019007455467935568,0.038295396443169635,0.05928921657383152,0.09118181708685737
3.0613380987654324,0.5039773635804631,-0.002605341314734748,0.014283554782361494,0.02263029714740245,0.03965444701014807,0.0624536267384258,0.08866899929193059
3.0537978571428575,0.4832934781162651,-0.004024397726910168,0.01570937679782887,0.02653830238905804,0.03989867659245219,0.050129171805792405,0.09288516228450715
3.0462946683046686,0.4704171115825641,0.0065575516345940926,0.007506264374424408,0.021859437726915187,0.038187518282237334,0.0483951068104416,0.09550674885363758
3.0388282598039216,0.4506698284071539,-0.004592649989196509,0.008774668688292362,0.021909135772946946,0.03364579357036432,0.04615657088200493,0.08440102598804096
3.031398361858191,0.43311740796542375,-0.0014321721995652504,0.01085351372471045,0.020889319269971143,0.02923829989937398,0.04979868068811221,0.07631974251802413
3.0240047073170735,0.42350847241731365,0.0009711966596378693,0.011347461725964174,0.01679636233647422,0.03247149231102584,0.04864152065684891,0.06812533796518454
3.0166470316301703,0.4103348233278934,-0.0003059111622400714,0.01183069194355517,0.015528910430349556,0.03521994741569735,0.04147859018948464,0.0638841295891761
3.009325072815534,0.4038518596977043,0.007060244194347793,0.0043791628044581735,0.01754076568255539,0.03057639579133118,0.04473856942450121,0.06538472895277535
3.0020385714285713,0.39218847844305016,0.007634484604194894,0.006082772804384546,0.01687298004406296,0.031071246908582754,0.04402150683529191,0.06144858152006182
2.994787270531401,0.3829573930367838,0.008415625528604913,0.009762092148716966,0.01910384285862498,0.02777046696540861,0.041101370356133905,0.06199705825454571
2.987570915662651,0.3748793785744965,0.0028042710933360057,0.006796979544311989,0.01253806782287205,0.027994914338322494,0.03522678884550895,0.05710914902839779
2.9803892548076925,0.3665964763284746,0.0026660722726494362,-0.005320529185197307,0.013426395877729511,0.016503819518561638,0.030422164860792036,0.04850999065572245
2.9732420383693046,0.3602450114262153,-0.000512580393322589,0.004113836522128656,0.011894833328034848,0.0052254023499072886,0.02104237049959813,0.029396218663153836
2.966129019138756,0.35321679173333453,-0.005662270482757706,0.0024511771796540925,0.0035967655231669625,0.000417792158880437,0.004252907674306791,-0.0019014815549478795
2.959049952267303,0.3468782217987563,-0.004277117118727592,-0.00668363007912437,-0.008062651958807818,-0.01783304808395099,-0.02505431738787895,-0.02164392697206057
2.9520045952380953,0.34218947081425727,-0.004672760703165294,-0.015136605026767145,-0.026350031541666076,-0.04319740665928883,-0.06330964809080543,-0.11587586561814328
2.94499270783848,0.33622822178726397,-0.015025358123478327,-0.03159866230172723,-0.054607424674205415,-0.1019113955799194,-0.12604847592040835,-0.21322135409768794
2.9380140521327016,0.3328434260608693,-0.027810275633730522,-0.05378869444599123,-0.10168718825611288,-0.14543304307147925,-0.2203009745592063,-0.3394740292786178
2.9310683924349883,0.326996645368625,-0.03884060610677065,-0.08651434472776774,-0.14763313373352932,-0.2264244150456182,-0.3352152144307971,-0.5208769231058158
2.924155495283019,0.32655943509595675,-0.05477369205195946,-0.11196383301545727,-0.21254987043180543,-0.32565117130235527,-0.4905200508402011,-0.7277610863731311
2.917275129411765,0.3229266274526718,-0.0745431816939153,-0.15647310084777794,-0.28447900340748605,-0.4437169416506813,-0.6414788025798212,-0.9301990083961073
2.9104270657276996,0.319266074705873,-0.09937109861495251,-0.1971417794902418,-0.35288074820070664,-0.5422035534651679,-0.7587424834511702,-1.0737866920633339
2.9036110772833723,0.3143650852320685,-0.11091065238516716,-0.22439513754251178,-0.39946062318618347,-0.5929769410664507,-0.8067057103493613,-1.0945453058458086
2.8968269392523367,0.3113340271569254,-0.1149183432190758,-0.22307632646261902,-0.38861679373144065,-0.5491585301213823,-0.7067900801146442,-0.8906159265944426
2.890074428904429,0.3086416943318791,-0.09182252643195325,-0.1689395734072923,-0.27190905592530384,-0.34704229387134644,-0.3796824921036369,-0.36073633459355176
2.8833533255813957,0.31001094271269813,-0.030991458421419996,-0.03725818372960559,0.03242326835356454,0.0832296017255143,0.25462377014936366,0.5836228249821415
2.876663410672854,0.3091477798091813,0.08377902293308866,0.2069419768462995,0.5145485541932816,0.7597966014966913,1.2125923137679442,1.9563886902834868
2.870004467592593,0.30664083297367867,0.26027672619147135,0.5577737086556386,1.0955739480054842,1.7666049826359342,2.4789531839523646,3.8529455384179245
2.863376281755196,0.3024531687715993,0.4818437760895449,0.9852928212454963,1.8018668925655286,2.702653030234238,3.8345973472463144,5.486331296166712
2.8567786405529954,0.2970363143777842,0.6925752774309868,1.37888924410903,2.4563204425678697,3.5892058339121564,4.996166164881732,6.862574148628688
2.8502113333333337,0.28706584102907157,0.8132002379157477,1.5976749780939263,2.7871155533560117,3.9878700639195235,5.417195232018128,7.277256665367811
2.8436741513761468,0.2737492294162679,0.7691242235273015,1.4986073293892965,2.560312313238194,3.6139000542486794,4.803820053553783,6.374402134175606
2.8371668878718537,0.26151991766939225,0.5293504692799862,1.0165242135854173,1.7218877358946627,2.4056427004241194,3.1404397191067095,4.140213939363131
2.8306893378995435,0.24518738385936403,0.15346438912108154,0.2796369154412497,0.4625441799607465,0.6397143287680159,0.8069009468141465,1.0164808502111446
2.8242412984054672,0.22384174958543748,-0.2743790060710224,-0.5417856316093996,-0.9065792346480107,-1.269863164846338,-1.705045787962534,-2.2667500081625462
2.817822568181818,0.20683068792547535,-0.5993986003040974,-1.1621825287383842,-1.9667929724468458,-2.756412418329672,-3.662471301389292,-4.871692644853186
2.811432947845805,0.19211499797111198,-0.7548924486039504,-1.455957852144618,-2.495102258897987,-3.5189098170733275,-4.694007358543747,-6.29454836385191
2.8050722398190047,0.1794699632137965,-0.7483301467079534,-1.4550994475342989,-2.519130582418054,-3.6169674264261507,-4.863985924459221,-6.633578800404114
2.7987402483069976,0.1701823827135573,-0.6396543078905622,-1.2580231018214256,-2.212656198610147,-3.219645373282907,-4.401342448794504,-6.107883433789621
2.7924367792792792,0.16227187811785904,-0.5053504539051576,-1.0004144885698487,-1.7830697070500787,-2.631148832079247,-3.6336289389775915,-5.15365650384387
2.7861616404494383,0.15707671361476597,-0.37875493060105725,-0.7628750396602507,-1.378349367199182,-2.057516209304476,-2.867698163363775,-4.1588663264038255
2.7799146412556053,0.15030863831086722,-0.2786266414936607,-0.5695042644326506,-1.0271962444794998,-1.560761018075916,-2.1842665877389322,-3.2203645287087053
2.7736955928411633,0.14978918837751232,-0.20892815970059386,-0.42431660303495367,-0.7716992773916956,-1.1771825180101758,-1.6560805672513723,-2.486769851880533
2.7675043080357145,0.1461249637202125,-0.14859811223043334,-0.3063941596857483,-0.5599712628768856,-0.8633681335254949,-1.220100742251887,-1.8399013519411547
2.761340601336303,0.14172858633720525,-0.114616023551011,-0.24013772099386688,-0.441520707126115,-0.6769075166706224,-0.9597724151469383,-1.45140304183604
2.755204288888889,0.14298795042378065,-0.09431317845405966,-0.1980081037745191,-0.36215499589918626,-0.5602070765680907,-0.7902141390404659,-1.2041888470809536
2.7490951884700667,0.13882035294681797,-0.0728961096698744,-0.15321638358769518,-0.2816478480650947,-0.4286319560556147,-0.6068743749129114,-0.9227719245369006
2.7430131194690266,0.13720238949227187,-0.050782656261527684,-0.12477139133558357,-0.22854465417576805,-0.3510070727007169,-0.4942030191687519,-0.7543179161731308
2.7369579028697575,0.1371021024389679,-0.04567077801598011,-0.1036526869658151,-0.18769075442735378,-0.2866630605231563,-0.39614279304613476,-0.611243063092539
2.73092936123348,0.13596071854390562,-0.04072881770874802,-0.08395119283675048,-0.15446981339124718,-0.23347705160418075,-0.3236444067638051,-0.49825859273575773
2.7249273186813188,0.13950015969148588,-0.0331833101164986,-0.06607582486107257,-0.1232802594732055,-0.19323016601605936,-0.27378032601040003,-0.4140022675251768
2.718951600877193,0.1333856792216342,-0.02698385406050319,-0.05022915324146033,-0.10531201083942782,-0.16565697106964647,-0.23832825556962167,-0.34656106159217026
2.713002035010941,0.1363353916117227,-0.02178813576367587,-0.049602335163251854,-0.09532461818360793,-0.14452922393299664,-0.20531095384344075,-0.3016105891482573
2.7070784497816596,0.13543100303765537,-0.022779960346346488,-0.04670159335534311,-0.08622910671094447,-0.12814569702010653,-0.1811626872684993,-0.2685981317180013
2.7011806753812637,0.13435032121193152,-0.019930448936520906,-0.04090873952109457,-0.07611798343749139,-0.11051999557140346,-0.16351757335651732,-0.23930081394860597
2.695308543478261,0.13585663931900668,-0.017961419571149436,-0.03490554047458124,-0.06533575948206048,-0.1001118238300935,-0.14541074376116334,-0.21475358704727765
2.6894618872017353,0.14302022195087644,-0.016459828547174198,-0.03222969218328935,-0.06917067361145803,-0.09498515857091767,-0.13433733534320855,-0.19575348092617836
2.6836405411255413,0.14671720814356365,-0.01658855932032402,-0.031960871952115506,-0.05981748084451313,-0.09236296706254371,-0.12914044390707338,-0.18376193957539863
2.6778443412526998,0.14780589597167668,-0.016747431268370673,-0.034475794506794936,-0.0556716297022082,-0.08834300766793256,-0.12521124569601388,-0.1795068863886142
2.6720731250000003,0.15125099619965415,-0.013425463907445402,-0.03210393413340788,-0.0566190665940402,-0.08200890077222625,-0.11770973486092352,-0.1742244844186808
2.666326731182796,0.15601242734334966,-0.014273868753772758,-0.028732988710057472,-0.056190589352996534,-0.08179373331724527,-0.13633484497587764,-0.16636122682637233
2.660605,0.16444067283960676,-0.01286317103476548,-0.0289139592081983,-0.053819099191688174,-0.08269447392687794,-0.11922964310219937,-0.1626978684226532
2.654907773019272,0.1684447118474135,-0.014190110871923659,-0.031450915144049456,-0.05334339585903551,-0.08270544572865857,-0.11555091700750679,-0.16685299786689398
2.6492348931623932,0.17867366932187162,-0.017232836010790658,-0.030078966271213158,-0.054693708663899776,-0.08471236976055704,-0.12011448973458266,-0.1685560266759338
2.643586204690832,0.1978859979795733,-0.018388663913144147,-0.03067421355191336,-0.05659356360492337,-0.08392898492028197,-0.11999451837211612,-0.1679424559633282
2.6379615531914893,0.2097112272330645,-0.01546698954828162,-0.03314695054999537,-0.05520106650458524,-0.08050885409081625,-0.11597066199324879,-0.15872036231395534
2.632360785562633,0.23572292926022756,-0.01571955887839022,-0.0262600627702347,-0.046355860957918486,-0.07081338561602421,-0.100758321707284,-0.1364437010565581
2.62678375,0.27106730205318014,-0.013320237127139894,-0.03961570776201268,-0.034513089322071415,-0.06526103733511171,-0.07581059261587478,-0.1160462754558565
2.6212302959830867,0.3091933318714401,0.044803992594961074,-0.017262394678297786,-0.01930738470116998,-0.035817530968841556,-0.0408396519740703,-0.06273255006192141
2.6157002742616036,0.3672530473406158,0.02742866864397206,0.0071700463922292484,-0.01331852107049613,0.010935343459561733,-0.02851937981971236,0.0749872205429572
2.610193536842105,0.4399691659924753,0.019504954983709463,0.01081939414241082,0.03539124037573281,0.06489346464514023,0.058204161430028684,0.16039350744308845
2.60470993697479,0.5295049118801022,0.024498298479628467,0.0404217536974642,0.08435637348466007,0.12614820187955994,0.1660779748645668,0.25411488386523123
2.5992493291404615,0.6249276272548628,0.03523636781609417,0.06686521291056499,0.11439751273793342,0.16727793235737068,0.22479341239858544,0.32238431837377596
2.593811569037657,0.7117853966770358,0.038073114929137536,0.07086586710747485,0.12469636838118714,0.16888254724555699,0.2353055558434042,0.3359566194230881
2.5883965135699376,0.7959216438725177,0.03776526528638993,0.06439744968430951,0.11635965152641599,0.1490628625149474,0.21086161314206625,0.28620911923831577
2.5830040208333336,0.8628919730846674,0.03251106191684792,0.06431811110007642,0.10873556373643747,0.139216439012246,0.1864574876726811,0.2422180515718649
2.5776339501039502,0.9235637374119778,0.033052328473960314,0.06492409227809794,0.10111898629944242,0.13265114020730295,0.17003079995981346,0.21817135622449943
2.5722861618257262,0.9807740329801719,0.04389589593406839,0.06820323702427697,0.10104625292341995,0.1337461883233872,0.16738333075272646,0.20743296411970905
2.5669605175983436,1.0316163626573582,0.0476874673937594,0.06431137453440022,0.09638494993182195,0.1291308625420867,0.16859532414674447,0.19848903020834582
2.5616568801652893,1.0784861202785285,0.04719114369786825,0.061622114556964175,0.10101556456499161,0.13192642436795515,0.15601244568892814,0.19930985697468193
2.556375113402062,1.0928591450872518,0.0049921132099111755,-0.014555843327337462,-0.0253806474851356,-0.060954402962968855,-0.10666759780049555,-0.1542703963611666
2.551115082304527,0.9684170301799155,-0.3320454687524793,-0.6033224271588344,-1.2459421659219103,-1.7322219393890528,-2.685572795728305,-3.4147160418166957
2.545876652977413,0.7000795020650554,-0.4311270823343177,-0.8644116310569008,-1.5888634008103544,-2.5186737144977887,-3.3035471070947593,-4.688805638368257
2.5406596926229508,0.464362110310684,-0.33841194297321886,-0.677567450492177,-1.2291337244660137,-1.8426854270158026,-2.53370744197913,-3.6699055264175175
2.5354640695296524,0.3425737304097519,-0.18757540382943577,-0.37728840157026333,-0.6737747895273035,-0.9976472701120555,-1.3704457408088146,-1.9928064058138997
2.5302896530612244,0.30070475855977025,-0.07038705929098821,-0.13778627169233895,-0.24560209864774984,-0.36539995140504966,-0.49503929704502697,-0.7131407942658977
2.5251363136456213,0.28385482010174085,-0.027162099595272552,-0.05238715682314133,-0.09369271235504485,-0.14005216144996688,-0.18812960789438793,-0.27105084228119697
2.5200039227642277,0.2752874981253353,-0.021766067781200837,-0.015566603256407519,-0.05414344776668095,-0.09572376501980123,-0.11283213984817268,-0.15321867198690176
2.5148923529411764,0.26898390529375704,-0.011995554933300035,-0.02487636308444049,-0.03230199022218427,-0.06328955177822668,-0.07345651330945834,-0.11115325098291634
2.5098014777327937,0.25743141484058635,-0.006972066070347682,-0.019217005894368377,-0.024958561704506086,-0.03436193592587242,-0.054515545068405356,-0.076455860702883
2.5047311717171716,0.2490086022086851,-0.005108848219399807,-0.01018833035353598,-0.017063590831962464,-0.02682660804003583,-0.04081143975179176,-0.05444394875019592
2.499681310483871,0.23834837720662336,-0.007600347744010214,-0.006540469098735173,-0.015055414162272247,-0.020136729742398864,-0.029907391468448605,-0.037514807219956356
2.4946517706237428,0.2283449255366819,-0.005151516709734633,-0.002513458697239713,-0.011919267921522717,-0.012944582546703878,-0.020079003792953104,-0.02805347838658432
2.4896424297188755,0.2149757475955198,-0.005141794161491344,-0.0029788392738420927,-0.008026891801885766,-0.011755598724534107,-0.014581688660816728,-0.01817843751365045
2.4846531663326656,0.21109972772602587,-0.0024134228078530663,-0.0018306396622303478,-0.0059375477094619974,-0.009468544960085151,-0.007665340614838435,-0.013671395737223858
2.47968386,0.20597798950508311,0.00035485534789532616,-0.00887469572013296,-0.004018309922261736,-0.004711110335667647,-0.005907463608789905,-0.008327221693497141
2.4747343912175648,0.20147946105414807,-0.005356731857074261,-0.004175407482210939,-0.0024859222805361006,-0.006614653293179549,-0.005081795693354681,-0.005045156615253177
2.469804641434263,0.19585452634931982,-0.003966219378287257,-0.0005507751603481873,0.0016539537936870905,-0.003281836439289528,-0.0018609040077986116,-0.003066726165286217
2.46489449304175,0.18811586087511,-0.001483354230618707,-0.0009212600935119031,-0.0011435217460611163,-0.002812088783633188,-0.0008439511998463628,-5.798144307562575e-05
2.4600038293650797,0.1860123162127952,-0.001292897778598498,-0.00267434729157865,-0.001201121758352251,-0.0010819780548998233,-0.0021591225886138958,-0.0003043059276738519
2.4551325346534654,0.18025792107378724,-0.0013387364810686303,-0.0012939525872512907,0.002603905293034072,-0.0028949879095627492,0.0024551572352662734,-0.004201736037623741
2.4502804940711465,0.17603052048412057,0.0008411518069250783,0.0005873668732215691,0.0030102571584305435,-0.00273412717461165,0.002793193677435076,0.0012904526447085334
2.445447593688363,0.16970311035155677,0.00046705869743227704,-0.0006762105229852263,0.004069851747294964,0.0002547590168037521,0.002896703300133988,0.005986828388394572
2.440633720472441,0.1683489001778192,-0.00035175092358567556,0.0009209909360776134,0.0004020023631543716,0.00027480532650588465,0.0035033796938619237,0.007875944546410999
2.4358387622789786,0.16739227739315474,-0.0037182150186670236,0.0016896069928431434,0.004633730916938622,0.0021016571373453073,0.002607442258755696,0.007824709074677064
2.4310626078431374,0.1599970227808889,2.3899604248136078e-05,0.00017192303570948413,0.004947231479686828,0.0018327588615201923,0.0026305037180545804,0.003500145196523142
2.4263051467710373,0.15712406697527054,0.00037710724836784366,0.00028302008855840164,0.004764304698561353,0.0006722660444284624,0.005124710057566095,0.003616295612538098
2.42156626953125,0.1538960209371938,-0.0010722978309349147,-0.0007083875348573664,0.0027379152872390104,0.005895037183997208,0.005607346464755548,0.005664140020942508
2.4168458674463937,0.152317025478052,-0.0036369712872788944,0.0004103741111857405,0.0020637465805209494,0.0028592741882952862,0.00624098369897841,0.006966757313696277
2.412143832684825,0.14652659795778997,-0.0027911131259016307,-0.001673351677604336,0.0021211912472859813,0.002514791337563429,0.005994165151688463,0.00814617218676328
2.4074600582524273,0.14502305163364296,-0.00010442285068769703,0.000585927062883056,0.0015018062988218295,0.002419851587512309,0.006327761351264393,0.007567769268867683
2.4027944379844963,0.1431718419737268,0.0023300708692564473,0.001755625840159218,0.002492195516069206,0.0013164035827370139,0.004914097778957832,0.00727001989453709
2.3981468665377177,0.13846300724987065,0.0046424254378443375,-0.00017358762164293938,0.0023653127644617375,0.004130139188265389,0.003429440450292476,0.007958266300648715
2.3935172393822395,0.13172491275900816,0.0047975456900146455,-0.0010729692173828455,-0.0002083776025561171,0.004287721389335022,0.004188391359720314,0.007637764872653569
2.3889054527938343,0.1325333341623018,0.0017982786690584106,0.0043538447210775665,0.0015960169565819233,0.004316558297244849,0.001671951075526673,0.005634368569762066
2.384311403846154,0.1307727980685896,-0.0013155756199356842,0.004271215644982666,0.002970573713580084,0.005115678669427192,0.004481649093220652,0.005531134680203368
2.379734990403071,0.12999348964945923,-0.000693094518728927,0.0014177537787482056,0.002679026646094461,1.6118421172223278e-05,0.0025319402911282668,0.0039087238789488644
2.375176111111111,0.1288442141182202,0.001592873512616299,0.0011453746618033172,0.0017347127060752853,0.0012718975168163262,0.0033389217672783198,0.004650761755136068
2.3706346653919694,0.1253492041441221,-8.94327365474061e-05,0.0014526247378437852,0.0014217175661230058,0.002329842925172426,0.006441803551218185,0.0049740286023553975
2.3661105534351146,0.12308231800076469,0.00021411543909770705,-0.00024144952675549897,0.002025961412643958,0.0017929729690888197,0.006964954856613697,0.0053197040415254495
2.361603676190476,0.12275533212642212,0.0004771606517006368,0.0025044583126194596,0.001125478451071178,0.003093768429632045,0.0062485158999155644,0.005588522151519427
2.357113935361217,0.12320749516833022,0.0006004855966824565,0.002916562766087101,0.0005365627832692334,0.0011809536487549894,0.004308013547904407,0.0068881671829848475
2.3526412333965845,0.12187456102925433,-0.001471808848818793,0.00129585920634848,0.0037533800777434746,0.0021165288369412926,0.004330664876633926,0.004669723872561978
2.3481854734848486,0.11784059186562286,-0.0008097887854417199,0.0016847715915989797,0.0022267534449417203,0.0021896884280839636,0.004280945471232739,0.004318014957664305
2.343746559546314,0.11342514659452492,-0.0019525359063445353,0.0024353945225471956,0.002195241048186879,0.002393258479747544,0.003514187552422742,0.006311764434851161
2.339324396226415,0.11551877364371495,0.0016803618030833847,0.0015153953289064944,0.004497584657357226,0.0016368836610475006,0.003862020059419481,0.006621716579556185
2.3349188888888888,0.1176041371976539,0.00047519744061579484,0.0020685777929411123,0.004840994274413514,0.0016222036847610422,0.0020211860309938988,0.006121216586091039
2.3305299436090228,0.11535454341768481,0.0032377623274300405,-0.00017571686094452807,0.0012414326923940507,0.003372877291157687,0.0020337447336654926,0.006242096570613712
2.3261574671669796,0.11397634749739405,0.001756987639670468,-0.0009615724811810063,0.0012793578348149963,0.002840506351481653,0.0008200539543665815,0.004978445744228163
2.3218013670411985,0.11366906372913653,-0.0016463003296014163,0.0019916267993540767,0.00017582498415282644,0.0019037154476854662,0.0011915585940449312,0.0031205757896587633
2.3174615514018693,0.11260617503875518,0.0019927607691996594,0.0031850078052401525,-0.001733521735740119,0.004396876234081254,0.0009279258274882166,0.0036039544272089834
2.3131379291044776,0.11241337960104311,-0.00028919391785174506,0.002022459607703884,0.0021182215020917614,0.0033187608185350176,0.0005219456157171607,0.004799623642581622
2.3088304096834267,0.1097469355904655,0.0004682674676375118,5.687448451839049e-05,0.0008430057987809051,-0.00030901676039642005,0.0021264725107158146,0.004515840147925427
2.304538903345725,0.10950553065692374,0.0005471567252934385,0.0019995379339014657,0.0012601535685668722,-0.00034487806414438714,0.00503496865402234,0.0032364604701459994
2.3002633209647496,0.10749397995998379,0.0015759759691242512,0.0022033770938209513,0.0019696572091028384,0.001046515643290173,0.0042152104330163385,0.005568619732357812
2.2960035740740743,0.10762699455220132,0.0027762835516741994,0.0013061640804977266,0.002396171162156754,0.004922512854015524,0.00393322712997483,0.0023900311297465698
2.2917595748613677,0.10637314175855211,0.0013197479063000238,0.0005836396162011446,-0.0015868652031619083,0.002936505429461714,0.0053838932411714524,0.00335182793873143
2.2875312361623616,0.10447459183279462,0.0029312358942921294,-0.0017439994253343933,0.0002131689963045414,0.0016316817302087542,0.0023050087670674116,0.001545932212818186
2.2833184714548804,0.10615306859385429,0.0017853369401622482,-1.8009413797959958e-05,0.0030610056502383388,-0.0012558612775243917,0.0028971272051629537,0.0035814771691131215
2.2791211948529413,0.10387406458076268,0.0035330935310986067,0.0003837873220721491,0.00016694150645345655,-0.0010913553525289572,0.003056042196841533,0.005094994260778461
2.2749393211009177,0.10126693945561965,0.0017235270093495518,-0.0001935290826842622,0.001442350904509911,0.0015882333453129068,0.0031370648415262503,0.0058694229476985325
2.2707727655677656,0.10371473677069493,0.0022884182748422353,-0.0005207855072236262,0.0012251426127801819,0.002569342512812802,0.0031798557779152145,0.003023847104744253
2.2666214442413164,0.10208117303325656,0.0008143066149507183,6.616591504875878e-05,-0.0015757958563521646,0.0036907878353059803,-0.00014452021512150156,0.0014893179619873934
2.262485273722628,0.10335879879304555,0.0014415269927154748,0.001988732915124543,0.0025773753969697663,0.0016667101491890416,0.0008470642288052075,0.0019041446265290428
2.258364171220401,0.10278774211642837,0.0013624576669076997,0.0039852946028434855,-0.001487851671684844,0.002115420381266707,0.002179568430007216,0.0006952265228808952
2.2542580545454545,0.1003759067003253,-0.002033180177430906,0.0023125027987783075,-0.0009444358898238292,0.0028414686463503823,0.0036410161716895735,0.005174931963928646
2.2501668421052634,0.096343605968227,-0.0018381401111669633,0.0019806089047459782,0.0020889046015764388,0.0012248535510956547,0.002129437886753543,0.004682222319217509
2.246090452898551,0.09762728843051692,-4.5009508884014784e-05,0.0021943518413033445,0.002540408170019517,0.0001654245894980116,0.003206190354810636,0.001848896159303512
2.242028806509946,0.09641189961639718,-0.0002377914862067155,-0.0005204269158094536,0.001317592805469204,0.0005735308582947213,0.004263141052504805,0.00017878653701462667
2.2379818231046933,0.10250544551892965,0.000907016491359973,-0.0007849985147222566,0.0024091007577519675,0.00090341055509919,0.0016505439043443823,0.000634132236832367
2.2339494234234234,0.10043121586775172,0.0010043971548125122,-0.0005644400173017724,0.0051922542408491795,0.0006047125869894507,0.003382365444604693,0.004327575544348066
2.2299315287769783,0.10038404085876948,0.002171187456623352,-0.001083404759663791,0.0032483450385962344,0.0010060196032869514,0.0037107900108603094,0.002701027987963184
2.2259280610412926,0.10072611382920499,0.0029403465728276867,8.88106907483327e-05,0.0027473776255689075,0.0004076353969204373,0.0009296361192084423,0.004364498070312723
2.2219389426523297,0.09934125662758375,0.00023748704147712752,-0.0005100102594209243,0.0015553414958840355,-0.001705227135321001,0.002481933100941175,0.0025111171374898804
2.2179640966010736,0.09785127795712936,-0.000841161913396564,0.0011272874722655232,0.002633424568643022,-0.0005762269713200541,-0.00040601060908926394,0.0017830004266741616
2.2140034464285714,0.09589243149035608,-0.0010770647442275543,-0.0031142259726811483,0.0011108721871940328,-0.0016970735018786885,0.0019364223435046012,6.220354103200098e-05
2.210056916221034,0.09762544605111227,-0.0016220666725987106,-0.003206073234660063,0.0004615703927378941,-0.004122272296585674,0.0026448475555924745,0.0024697764304820345
2.2061244306049823,0.0997723453683473,0.002914776725559965,-0.002180738663045794,0.002637642460359746,-0.000498820636063993,0.0017274018426061486,0.006029936194822516
2.2022059147424513,0.09836326631460811,0.0014788931172937463,-1.445644282713747e-05,0.0012743349632777378,0.0022075008719086293,0.0008746166688718943,0.001781759169696134
2.1983012943262414,0.09844612926193494,0.0027369727962383568,2.5862340714808486e-05,0.0014689781525965588,0.0012517361275756872,-0.0004093634117567762,0.0009251330859716577
2.1944104955752213,0.09983483475704895,0.0013424150353363584,-0.0025517933080048856,0.0024036897682863175,0.0016770834987254225,-0.00037385716839371906,0.004869199632622602
2.190533445229682,0.09912024561016501,0.0007848611385528282,-0.0036660129737595966,0.0008308506890144408,0.0018318554004463868,-0.00221527365971702,0.0011313036892747176
2.1866700705467372,0.09841520624678568,0.002205434859984859,-0.0017378506352371326,0.0012406524039244014,0.002456369277378481,0.0015297726857864242,0.0007972268019467863
2.182820299295775,0.09572899617819106,0.0004005964454297092,-0.000718094605742112,0.0021558599827009865,0.0006153984800174245,0.0021331258659863924,0.002416914481400821
2.1789840597539545,0.09787905068103908,7.096000317086948e-05,-0.00024078527426277962,0.0028862247875317236,0.0027116254291463713,0.003170859009438687,0.0011018714071066099
2.1751612807017544,0.09850686357168237,0.002452363731755476,-0.01139390931350727,0.0028070813943301236,0.00239903282326477,0.002689922159968778,0.0010068025480068248
2.171351891418564,0.09757684663104843,0.003194643706300825,-0.005346088799639974,0.0003067705717036448,0.001069223985538447,-0.0004247597428737771,0.0009479801399683454
2.167555821678322,0.0985237204815103,0.0002473471937861692,-0.0008081612557594912,0.000648164148579743,0.002555101939242458,0.000136326595978523,0.002251430208316538
2.163773001745201,0.09749739491316277,-0.0005860874759977372,0.007663068703756308,-0.0007505514266756939,0.0011697154868014672,0.00022967785124600052,0.0036486099813041383
2.160003362369338,0.09692714720939456,0.001900172583606311,0.0014837179807331118,0.00020094550077801165,0.0009891450758865846,0.001666823052619536,-0.00022473154854252012
2.1562468347826087,0.0976369567774701,0.0024755720774532345,0.0005743785710150122,0.0029998945453864737,0.0012045550866211588,0.0010751134220186862,-0.0017912403993405389
2.1525033506944444,0.09798234470899696,0.003547925504857996,8.865690219722617e-05,2.11475292848474e-05,5.04285674832556e-05,-0.000331039766761354,0.0007914043950949415
2.1487728422876953,0.09734995993050204,0.0006704759400498366,0.0007777836246658542,-0.0003186986628572277,0.002170378270147556,0.0016642950198446878,0.0012062133022974245
2.145055242214533,0.09342639689037664,0.002521912197079288,-0.00021168496890836745,0.003218231293210339,0.005086815027925663,0.0016773666920029426,0.0035198589770484585
2.141350483592401,0.0938394884721704,0.0021432305548060673,-0.0003405407582286982,0.003992015954704672,-0.00010544331229574566,0.003539974383562428,0.0028625833329505895
2.1376585,0.09621638865030922,0.0008841317395328284,-0.00034087982977281154,0.0008310396600104421,0.0015127949469452514,-0.0009980139377441216,0.0028463144967522946
2.133979225473322,0.09582294544229718,0.000263496642803569,0.0006215818693121041,0.00010059429429142042,0.0031514661848508025,-0.0026146887327134992,0.00026049424324291057
2.1303125945017185,0.09714249214406816,0.00129058728473711,-0.00040605171752255005,0.00035995823461154835,0.003451095575655383,0.0003789829249138048,-0.0019764861725820944
2.1266585420240136,0.09140511916521739,0.0016064858487784498,0.0023147715313444482,0.0025208655617708956,0.004832810512130044,0.0028892480529071336,0.0006121012160857769
2.123017003424658,0.09032684052387514,-0.0002910321975131686,0.001549003444954337,-0.0024302616895505143,0.003996260417785509,0.0030694585332293016,0.003027964146030977
2.1193879145299146,0.08747716878636669,-0.0007049623542517609,0.0017149698685189113,-0.0010692997470333556,0.0015219301486350666,0.0023645849971150657,0.0001726171867880009
2.1157712116040956,0.08882440923349343,0.0005235348589522649,0.0017378587473029408,0.00044023084242582246,0.0001986490135406607,0.002217823587560936,0.00181027069486276
2.112166831345826,0.08965906678557813,0.00019976149531359704,0.002536719805923636,0.006255289913427685,-0.002810301848505214,0.0009442146787934726,0.004247729289114351
2.108574710884354,0.08915054064375488,-0.00047286833082248306,0.0013732585374470728,0.0026975351309682593,-0.0017947222951975367,-0.0007159562202523797,0.00140953926761076
2.104994787775891,0.08711237238256808,-0.0016641913368615946,0.0010215484459208783,0.0007053000949172171,-0.00042365547155709355,-0.000495259744031854,0.0003794998157512311
2.101427,0.08493121042299834,-4.81705785870619e-05,-0.0016633734300367904,-0.000497167779258564,0.001480209109557542,0.00019089868798189514,0.0011394436292460417
2.097871285956007,0.08583204570509599,-0.0024033435966814283,-0.0015202971251693036,-0.0023201821490737187,0.002159369068411407,0.002644285194723992,-0.0009455566191621185
2.0943275844594593,0.08520134639752146,-0.00011112918434163104,-0.0009648034535561275,-0.000453988771662787,-0.0004590394059327328,0.001625267086604699,-0.0015084534717280881
2.0907958347386173,0.08730238107412532,-0.001002370849547555,0.0010146967794830305,-0.0015953068386659604,-0.002234794267600562,0.003077657097719928,0.0008729683819235517
2.0872759764309765,0.09064028934556552,0.0026629255756887046,0.001606352749588352,0.0015572036576536107,-0.002957748421875667,0.001036601765126518,0.0011909402364981131
2.083767949579832,0.09414251057849381,0.0029481004084707155,0.0001943507165326052,-0.0003372291719022386,0.0006700220569254049,0.0027377763485533133,0.002537212932382015
2.0802716946308726,0.09705489647316064,0.001454525081490728,-0.027671453154186086,0.02496364501924382,0.0015685216560058569,0.004044791444814069,0.0015875222952974103
2.076787152428811,0.0943352170045318,0.0029445928653165465,-0.00977401329290803,0.00328207278263215,-0.0006801136013078419,0.0012932478952423917,0.0038063282233518677
2.073314264214047,0.09774832723154477,0.0023254085443134274,-0.004795232007130804,0.0008762410650237747,-0.000364296991275034,0.0017829761362833409,0.001028701618758141
2.069852971619366,0.10004745207489119,-0.0008479373199056582,-0.011850815612360361,0.04448530527667974,0.0024388339788782055,-0.0011487527912134197,0.0021481106327383395
2.0664032166666666,0.0967937184343649,0.04318242837963649,-0.0026331108312947463,0.019404680390492986,-0.001255430618335048,-0.00022918738456390557,0.001614496136566773
