Energy (eV),Absorption (OD),EA 20 kV/cm (mOD),EA 30 kV/cm (mOD),EA 40 kV/cm (mOD),EA 50 kV/cm (mOD),EA 60 kV/cm (mOD),EA 70 kV/cm (mOD),EA 80 kV/cm (mOD)
3.5424055142857145,1.524559624434344,-0.47633755757065976,0.057138154514143884,-0.014317610046097731,0.12651468902126412,-0.048262456385075383,0.07233072167701264,-0.1289184051422224
3.532313190883191,1.5276519804862632,-0.10225564087895342,-0.04055547284406052,-0.0028777520983510533,-0.03640641330219623,-0.04711382147482951,0.050797032391718525,0.02503014927416699
3.522278210227273,1.523881715207949,-0.09256962206819279,0.04849230157458309,0.030809885147436017,-0.009464810513381194,-0.10461002588179646,0.07821771376010365,0.03390547160853895
3.512300084985836,1.521897597547043,-0.040415791171348886,0.011935562098956267,0.08219425804815914,-0.061254240137050754,-0.17125023987967236,0.04177514486156325,-0.0606859955699148
3.5023783333333336,1.522336166789085,0.04354476486500387,-0.032026142707194276,0.057680370572204064,-0.11781393251038744,-0.05004033112698529,0.017830385371707058,-0.025251349270085263
3.49251247887324,1.521755783362857,-0.008611770663958868,-0.030231129126422385,-0.09993375781107347,-0.09550794114404217,-0.09321981666048158,0.007557904391731107,0.10078703366744024
3.482702050561798,1.5230291950882309,-0.021170322783805106,0.02798207447227893,-0.037195426005436745,-0.05189316855075786,-0.11001907279900623,-0.006096105261326384,0.0359583390348236
3.4729465826330532,1.5232226224431318,0.02288124178441386,-0.0053167744531026516,0.0060228232716727035,0.007089083177959775,-0.01648338607209442,0.02064781086273308,-0.04983835375065475
3.46324561452514,1.519921281343203,0.12078269319485647,0.16183493459218715,-0.030362378706615886,0.001372444087931343,0.035416717472971954,-0.0009431175967054418,-0.07805033040480644
3.4535986908077994,1.5211268577114283,0.07181175884344104,0.14405592744940374,-0.058098751355327535,0.07529771210719306,-0.027637513104329395,0.025791989888185592,-0.04655364736992887
3.4440053611111114,1.521712159084908,0.07978820771733447,-0.002641965597508178,0.06369262251522571,-0.0014153436831859812,-0.005742235492358223,0.05961480660776707,0.0033563914395162795
3.4344651800554016,1.5200614992800932,0.011304323645890799,-0.11489837201632114,-0.002276646181497669,0.026069799531885606,0.01912131951692246,-0.0027109039827404994,-0.0025529904324575856
3.4249777071823204,1.5217306685724525,-0.04163160178934211,-0.08231907787052158,0.00012909293357093112,-0.0062738858413509185,-0.07702679605703118,0.0682762717784338,-0.0023624012903302235
3.4155425068870526,1.5219269009667256,-0.013841634500750578,-0.06460111744002671,-0.058363814676401476,0.05110421692722498,-0.00931210874915796,-0.1912474548024538,-0.014739948646505852
3.4061591483516485,1.5220475594153255,-0.016518870249688497,-0.02285700777724981,-0.0660861711202169,-0.056758643095633214,0.02154776669898541,-0.17384861258137627,0.009142949396980208
3.396827205479452,1.524514480821767,0.005638862055360583,-0.05584257717984398,-0.035865445851713224,-0.09629135831692956,-0.03417132844288841,-0.04796532200937509,0.03521328597640918
3.387546256830601,1.5263943084627596,0.13893377731428186,-0.1160857217115988,-0.011326879147303378,-0.11459157091785968,0.02286762744664645,0.06571032002860304,-0.006582661660663387
3.378315885558583,1.5252029993041136,-0.009703261249378243,-0.06181778760202736,-0.007816851537509719,-0.014710629309187677,0.03654099849433962,-0.004799717637238972,-0.0007384226470653186
3.3691356793478264,1.520886914093571,0.023292714055809776,-0.03220075194127476,-0.010871193139902568,-0.09556239747280584,-0.009789655630976734,-0.02412840304089415,0.009444091457275195
3.3600052303523036,1.511758114183147,0.07845543153250975,-0.0056569151593507,-0.031208182175463377,-0.06067172888382068,-0.052133705646171626,-0.026200178500074087,-0.06120336184993793
3.350924135135135,1.5155130702772315,0.0832831125407868,-0.05237681575238606,-0.01801970770687171,0.009881924098894681,-0.03564478510135539,-0.01743851011437912,-0.14231176593503214
3.3418919946091648,1.516560317649423,0.02278950445717133,-0.06970552024382136,-0.008550961972118298,-0.00151825827029555,0.0173865217599068,-0.04553669635186426,-0.07437667601460692
3.332908413978495,1.5219152229986077,-0.009718719882401337,-0.04957356534808997,-0.04207729979275489,0.029732250038633643,0.050356867094489555,0.010009087950724109,-0.009928913403980513
3.3239730026809653,1.5250470572640422,-0.07915697939359424,-0.04616508935696185,0.029156469263989356,-0.05240047564833904,-0.022189867603291363,-0.018864883513507156,-0.012185266238207018
3.315085374331551,1.523333327225895,-0.06905260621179755,0.03260401076990819,0.005600626760608614,-0.026035762792276942,-0.031355306384667915,0.013106303086625153,0.005838749230533696
3.306245146666667,1.5233631897658637,-0.060217482119177906,0.05515939292055228,-0.013395367919668746,-0.022155681979120347,-0.02331430704563706,0.11204623729568187,0.02371823489332804
3.2974519414893617,1.5247002380683767,-0.026085555931858163,0.007034920989649562,-0.026319776043427247,-0.009777672478728629,-0.003476904347824905,0.02939211220773308,0.07324295227781222
3.2887053846153846,1.5223262350372175,0.0301798922063156,0.010464488517969278,-0.0359095927562266,0.04021567047204593,0.007508050353096546,0.011556885652872696,0.08392701418370624
3.280005105820106,1.520091410940302,-0.012642539649330688,0.01352733085624841,0.02560280509730279,0.07997337785189358,0.04665792984522333,0.029842055546125755,0.08886150053776058
3.2713507387862797,1.516437054516612,-0.021959920864030334,0.03151442729022355,0.06838194875594555,0.03165910059601469,0.0638414798221881,0.03034124903379655,0.07961581043081255
3.2627419210526316,1.513659478274209,-0.061490049651475795,0.016443397414638895,-0.009816379972637424,0.039761922590350544,0.05669373878274009,0.051305247570159015,0.007246203835192949
3.2541782939632546,1.5067259571660294,-0.030798196578328645,0.030954515959117936,-0.019279538068751795,0.007057882482503619,0.04167485596356284,0.05971988740610599,0.0515518369663902
3.245659502617801,1.4979350110402128,-0.007062665520898078,-0.015676679020624765,-0.011695563038409964,0.01580446911795171,0.042079533187796656,0.06416149595024323,0.06914182029183599
3.2371851958224545,1.4901274232031207,-0.030944352468688135,-0.0035875095265138724,-0.011610162914284253,0.02856493928660735,0.0221084754300834,0.060012985487159526,0.08526288782219296
3.2287550260416666,1.4784664752178949,-0.0029021407984275733,-0.004572476693793027,0.006475016531036294,-0.012904720846377369,0.03303990053582047,0.03498758245360357,0.087532460529585
3.2203686493506494,1.4668005065819822,-0.06942382587454687,-0.0163322190959245,0.0026716621935507128,0.010736046369603512,0.02888901407972166,-0.006237966348194554,0.06320883599696989
3.2120257253886013,1.4522694348091927,-0.058004448966816585,0.045416141619647174,0.06176472455275215,0.006245576358926862,0.039358202622802825,0.06418325448947172,0.08659565764954268
3.2037259173126618,1.4378465990805527,-0.01805951440701845,0.04627639919206909,0.03721255126678377,0.03728502495117025,0.06682867800112599,0.036577142678193904,0.13534527550891592
3.1954688917525775,1.4260879767007846,0.012309096634073698,0.03194300144615599,0.021384542741635,0.04756528473058327,0.05024168874686511,0.05235028157529833,0.1381901966233031
3.187254318766067,1.4094989098566386,0.014245239018037812,-0.008773394575487356,0.030990417168833162,0.03809598628078653,0.06692239777343273,0.06483594009239795,0.1510143236135915
3.179081871794872,1.3950749515900405,-0.004524203772093097,0.004783302917214596,0.0443920588418017,0.03748507805342568,0.0707568663068042,0.10348438919766116,0.1937371750916888
3.1709512276214835,1.3787291133737143,0.024240184706281923,-0.0037908563815275374,0.02029328153414306,0.07081165066424502,0.037632166373477195,0.13216488161014509,0.1645068407386347
3.1628620663265306,1.363243818579875,0.032885314929745744,0.012806450447931201,0.02291690135448109,0.06002602081617425,0.06211715501677966,0.09743716721313068,0.15216173561153656
3.1548140712468196,1.3497057938090828,-0.01159737533401548,0.003627065758572492,0.028327293879964945,0.08666110099093959,0.05032293300128076,0.08199357994551489,0.15893321526276413
3.1468069289340104,1.334810596734325,-0.005200765183467685,0.02700485866172442,0.025412146843745636,0.04225531897926033,0.07082615602863841,0.10875668862768091,0.15127054510460414
3.138840329113924,1.3219288233214752,0.010274983706560659,0.028935785831872042,0.025905082461625244,0.06509770886217256,0.08594308149404854,0.10982383645090359,0.15290365331307046
3.130913964646465,1.3069075767623206,0.005911155065692194,0.03385838326906287,0.013089539761380546,0.05902793168107211,0.08420084148753713,0.12461823616022535,0.1420732809227645
3.123027531486146,1.2977827035646243,-0.01326895799071036,0.015072406538095684,0.031149543436479264,0.03569014451851659,0.0914598095459986,0.10886029776135576,0.1399012857567717
3.115180728643216,1.2902248110683812,0.0023877541419266746,0.012626857628683052,0.02598524027535586,0.04073702362284285,0.09072719862318994,0.11785676605158268,0.14135563982051488
3.1073732581453637,1.2812887161123625,0.0038218013043418873,0.03048677907710539,0.037179349818046915,0.05642568674253098,0.058061267031694605,0.10552821340617594,0.1330502862475842
3.099604825,1.2700787140147964,0.004026919339609299,0.029514677216998242,0.048040581308990915,0.07089413688484308,0.0594273261351001,0.11837286065032693,0.12176899306251644
3.0918751371571074,1.2609376376254413,-0.015063113830241608,0.03449698623529361,0.014125560068691857,0.05047998966253029,0.07047972623589964,0.1270514496890166,0.12102735592031688
3.0841839054726368,1.2449175574737763,-0.01071961596963074,0.005742248455596426,0.02455464799848969,0.056824002585703956,0.09538633328200694,0.13089037436587284,0.13009757904779803
3.0765308436724568,1.2325510536010353,0.003256284693261717,0.025036460645600247,0.030661514936811837,0.07649000887434915,0.09612217581461945,0.12817765687174135,0.13559090684442407
3.0689156683168317,1.2210267919461824,0.010220279939348318,0.02926270971310435,0.04016191776637394,0.07934665108129242,0.09941504585369558,0.12997070518998818,0.16554984165667333
3.0613380987654324,1.2015949724150563,0.026635282413374026,0.024597855361222064,0.035016111759103484,0.08617827757178266,0.13523613694925968,0.12342474666531762,0.1813266351953939
3.0537978571428575,1.178072604141855,0.01980846433051775,0.03860090723377526,0.04803227936841758,0.09686736110928633,0.135204157336514,0.11870041937715851,0.1874047211349341
3.0462946683046686,1.1540033806402117,0.011439516894448066,0.023851087558542594,0.05445110468070459,0.10441101219169766,0.12334910931549592,0.14549544205280077,0.17210724817811196
3.0388282598039216,1.1324618060721525,0.007902421938740902,0.020662452971265528,0.05375876967224517,0.09637352379149534,0.1261997328459331,0.1520551821724983,0.16613330452846325
3.031398361858191,1.1069490908031767,0.008654382279053003,0.03038498740102217,0.05582801336255023,0.09955426266609951,0.1298599641219143,0.1527512025065718,0.1826147095986717
3.0240047073170735,1.0811354801183066,0.0018829866237498347,0.037824509881511266,0.058498812932608085,0.09833626834937781,0.12083487700183394,0.1548942392067231,0.1850270049880193
3.0166470316301703,1.053335560980028,0.005012807612041915,0.03552956045862008,0.05922575342852951,0.09797962095425759,0.10673181552551998,0.15007716377187447,0.1753422235268661
3.009325072815534,1.0312715726338555,0.009104330170979379,0.03215978520698882,0.07180749735669466,0.1024353415873575,0.11449062218449026,0.14875823926446802,0.1744696838553581
3.0020385714285713,1.0112666844700682,0.0027001345740945235,0.03693871203446509,0.06804169447838819,0.0873475929688332,0.1211095148993723,0.1462063371410946,0.1716274978389168
2.994787270531401,0.9855832335833923,0.010437656883523903,0.03622127766562728,0.06378645677357951,0.0784769658563912,0.12278949067978451,0.14503561559371428,0.1753803908367924
2.987570915662651,0.970287917523073,0.008155554152166488,0.03311806639461207,0.06014779700509487,0.08750433762011743,0.11992641290205569,0.1407799478494832,0.17330503152264515
2.9803892548076925,0.9513511668132125,0.005730528394723553,0.029104774577376973,0.056777248175964946,0.0974731878952732,0.12131335332521302,0.13841798321717247,0.172754255575692
2.9732420383693046,0.9314218284453887,0.009325556155494678,0.03349627893995158,0.06121521586094063,0.08712241662414782,0.12164644545077866,0.1395031309483814,0.16622922458245962
2.966129019138756,0.9133851257843427,0.00624537710051608,0.037288976203607604,0.06365509189805707,0.08423537800010192,0.11306249425559106,0.13834039042901655,0.17023240919662772
2.959049952267303,0.897788545869417,0.01109404023011551,0.039319458476795,0.062195371916255994,0.0831093412626759,0.11170937333265306,0.13792850990974673,0.17053020111363387
2.9520045952380953,0.8804767643605997,0.010315217614307424,0.04123993040229023,0.06179588137489923,0.08191399009505396,0.1152422715823886,0.14759597013774692,0.17104150232485013
2.94499270783848,0.8643874086692872,0.009448548698988927,0.03534525821740461,0.060875524053247414,0.08375622418972906,0.12106041881453727,0.14411680327254622,0.17357371626473503
2.9380140521327016,0.8475873760348708,0.014015956662248637,0.03575737122429859,0.05939902490220395,0.08842705142332974,0.12428515689630995,0.1460495109745925,0.16952686504058911
2.9310683924349883,0.8337372493948333,0.008718918453395619,0.03623706201020387,0.05779701139197663,0.09746899475875194,0.11941005766255262,0.14698332373935377,0.179429058219313
2.924155495283019,0.8225253601500746,0.008238054000559223,0.03894120782070756,0.06292778689007072,0.09692829073956816,0.12556355929295143,0.15271065991514446,0.18429564523529038
2.917275129411765,0.8107501019176824,0.014528574825855336,0.040641971951689095,0.06185219897938282,0.09764058945221991,0.13187115830390858,0.1648866859769547,0.1931444449003769
2.9104270657276996,0.7984565240114093,0.019225522816202288,0.03704249878401652,0.06769291037562161,0.09957347671990803,0.13752823474141124,0.16870226147438205,0.20185896336989445
2.9036110772833723,0.7843972689909154,0.019191156343445703,0.040526429056343655,0.07200342483051311,0.0973482767756684,0.14358332024935994,0.17054287159295664,0.2088574656715714
2.8968269392523367,0.7731955711052338,0.020199873294531358,0.04064758765790511,0.07559321053414979,0.09571833670709871,0.14602732118256012,0.17579009588417657,0.21598991199158732
2.890074428904429,0.7616252297638821,0.018287399908069935,0.0408228184369734,0.074253705211267,0.10147649312368656,0.14490290491630414,0.1771696034036962,0.22131053493895803
2.8833533255813957,0.7508821893093964,0.015686067640367524,0.04147441313162252,0.0731233240937828,0.10685656379479197,0.14506837007006984,0.18279685467034412,0.22249460890600714
2.876663410672854,0.742303998309407,0.01796362660925564,0.039359271659770545,0.07363681021003479,0.1045799216522515,0.1445717563863952,0.18142318190292442,0.22538174862029672
2.870004467592593,0.731520818100126,0.015156080358303478,0.03956780094277936,0.07283991107710831,0.10098751168035747,0.14638419050314538,0.17789653254797144,0.22059296766809142
2.863376281755196,0.721939090680977,0.014409647277572726,0.034491509642499994,0.07006923586658974,0.09959810293612388,0.14472358328227966,0.17079673979545626,0.21252716184658224
2.8567786405529954,0.7104808403549493,0.013292181461606064,0.03710495837926514,0.06399273292709162,0.09533923274440871,0.1352673679501857,0.15828105454112915,0.203605103834093
2.8502113333333337,0.6995077770090578,0.01434878233138352,0.036660244937298234,0.0631980670416399,0.08434715268515611,0.1212382256024832,0.14887904438558197,0.17820036043746657
2.8436741513761468,0.6897589174463751,0.01397518418099304,0.028944827132332762,0.05230398166499879,0.07888902885989858,0.10547427709893423,0.13418046311637943,0.15754825760497712
2.8371668878718537,0.6813134605354264,0.011841348665626623,0.024008609174176854,0.039805703509371175,0.06313946348909313,0.0903578817607556,0.11079119105049678,0.12603631590505768
2.8306893378995435,0.671644000385603,0.008673158633438855,0.014712695766003965,0.03435182964426131,0.051010535233199567,0.06988994520165763,0.08483140768040719,0.09867115060243326
2.8242412984054672,0.6644737615206309,0.005290320802125562,0.00925548226470861,0.02474284980055822,0.031674196769412744,0.04743450722557433,0.05705251773813031,0.06216375015952652
2.817822568181818,0.6556595889311583,-3.034707350440346e-05,0.00028901929718331746,0.008057907915403931,0.00889029662139255,0.020520573210499746,0.01838183112619965,0.019006079381959223
2.811432947845805,0.6471928448588309,-0.0018718849185792653,-0.009731489796572068,-0.006060805549801457,-0.010711677988265396,-0.017176843029779138,-0.0260516548241879,-0.034971210515484207
2.8050722398190047,0.6426326451969991,-0.012137339911060932,-0.018273096417960696,-0.024866723621822115,-0.038015320139020765,-0.055588917819958304,-0.07088600797902125,-0.08914433935377923
2.7987402483069976,0.6320981371779748,-0.01861425144405747,-0.03508011783964025,-0.04631986099089006,-0.06721852143436953,-0.09366165983986115,-0.11547750191659369,-0.14218064398735716
2.7924367792792792,0.6268397489077714,-0.02479669664746057,-0.042080501446642,-0.07011246911772565,-0.09683246161036933,-0.1352677573428323,-0.1649998270970872,-0.2015530341571224
2.7861616404494383,0.6226033251385698,-0.0298164899297495,-0.05187692812064411,-0.0939172135976981,-0.12796486376928187,-0.1787114776401545,-0.2117194422617879,-0.26948097920313596
2.7799146412556053,0.6148132927426091,-0.034011644984948124,-0.07242353850932345,-0.11185371038800973,-0.16073714475653597,-0.21742576502664326,-0.27073469042742426,-0.3368805829216491
2.7736955928411633,0.6141646261420979,-0.04142329849280117,-0.0804068054527867,-0.13361150118749968,-0.1929859874025348,-0.2660651014233899,-0.3275255618892125,-0.4068838916982096
2.7675043080357145,0.6098834453662139,-0.046832336318757474,-0.09104427859891034,-0.1554646745678457,-0.221567516071486,-0.3142795583405767,-0.3843716435922645,-0.46979696633726514
2.761340601336303,0.6045179586515061,-0.048039805450669944,-0.09887827514139477,-0.16951097680023788,-0.24097513494867961,-0.347394729536881,-0.4163957841908053,-0.5173183687540326
2.755204288888889,0.6020020159255763,-0.054443376901009456,-0.11855688520615333,-0.1975500430505395,-0.27378075396524054,-0.3940743572584317,-0.4797510059718541,-0.5785148290770488
2.7490951884700667,0.6006294909971422,-0.05960416384812665,-0.12798847068862287,-0.21435920554788743,-0.29805804700639865,-0.428287060507831,-0.5242455691111573,-0.6376279292545823
2.7430131194690266,0.6023507503428984,-0.06438143117226491,-0.1318936632981032,-0.2305892035947871,-0.3247798229387934,-0.46256836005538216,-0.5663182861802454,-0.6923651242345794
2.7369579028697575,0.6058116531989467,-0.07099813949560528,-0.14117521176303563,-0.25160864469574035,-0.35064560392183636,-0.5043338090593444,-0.6137229651934646,-0.7491907886098558
2.73092936123348,0.6100115631885838,-0.07442635366075066,-0.1538430032463407,-0.27172420004041403,-0.37308196312904984,-0.5308888855606549,-0.6522650328043882,-0.7897798068029216
2.7249273186813188,0.6155961497196105,-0.08002619700009163,-0.1672816120343715,-0.2840135335846281,-0.3925446272690044,-0.556509848325885,-0.6865861722858174,-0.8304635106305532
2.718951600877193,0.6209249787606476,-0.08351369168976244,-0.1691157929690161,-0.29489088301389743,-0.4085217189803938,-0.5777146394919614,-0.7046327128512149,-0.8654982609168127
2.713002035010941,0.6291122826595755,-0.08039971082969663,-0.17827178974490493,-0.3047225151692178,-0.4194160924010634,-0.5981718141803241,-0.7233095859203515,-0.8935801720021259
2.7070784497816596,0.6411173639482993,-0.0895402175232718,-0.18395186791456145,-0.31357627272644406,-0.43188288491184174,-0.6240005558586436,-0.7562390349518949,-0.9329702244080911
2.7011806753812637,0.6528084297734166,-0.09026755393763879,-0.18908364873181835,-0.32266303477799635,-0.4476694362405305,-0.6396351769706348,-0.7799811100983282,-0.9545742425932663
2.695308543478261,0.6721133434917689,-0.08770683037047429,-0.19056789349220266,-0.3257751826875904,-0.4523979636373043,-0.6473574366555034,-0.7934506405033326,-0.969276080532665
2.6894618872017353,0.6922810154343892,-0.08750970109185519,-0.18894974395409786,-0.3255642483282458,-0.4537266045324109,-0.6450922874138949,-0.791924476143213,-0.9692670411434214
2.6836405411255413,0.7125525582482587,-0.08670201159373489,-0.19185391028415485,-0.326547968706675,-0.45716849225642386,-0.6539315328185705,-0.7954766736137593,-0.9725055945426795
2.6778443412526998,0.7386521509658496,-0.08887254075783664,-0.1971975318435368,-0.33396936541645555,-0.4652317941046605,-0.6642154777766865,-0.8118265603488553,-0.9914321145508785
2.6720731250000003,0.7680551204455793,-0.08637522401610602,-0.19551313257598085,-0.3382796909122187,-0.46432202703097397,-0.6654678990323908,-0.820005756525582,-1.0015623828111189
2.666326731182796,0.8030783798428033,-0.08716512517536823,-0.18956619131841404,-0.3275694991498521,-0.45612061823473754,-0.6539876391322113,-0.8046153871506914,-0.9941480659745717
2.660605,0.846041135253342,-0.07816054113984269,-0.1784722663925204,-0.30805194381539736,-0.43507111142445387,-0.6211614765026227,-0.7642342172076665,-0.9414400557858748
2.654907773019272,0.8807185151997002,-0.07926988343535156,-0.17595434509160904,-0.30132228188113225,-0.4262715527087591,-0.6065419980656073,-0.7491965764094844,-0.9245810922295031
2.6492348931623932,0.9247188225944194,-0.08635462596817636,-0.18012460856633472,-0.30184010285922774,-0.42542471600959475,-0.6118090883101187,-0.7486808583983449,-0.9290361254181903
2.643586204690832,0.9812297767344563,-0.08223053380151811,-0.17607332272305073,-0.29310039004875815,-0.4095925186481635,-0.5890747604686938,-0.7233887373892767,-0.8947075705537159
2.6379615531914893,1.0387951804207887,-0.07826765073141864,-0.16751590601585137,-0.2744317703684649,-0.37442431861240366,-0.5468721167447187,-0.663327765089142,-0.825737950694902
2.632360785562633,1.108684197593858,-0.06621838461685799,-0.15226917616530522,-0.24484951346937872,-0.3422971780204174,-0.48095243882966343,-0.5812442241881202,-0.7265858519610595
2.62678375,1.1797879369210613,-0.049773951761396554,-0.12181003952335805,-0.19857556220122105,-0.26582471772646427,-0.37910410065882116,-0.46207605700641463,-0.5731442266210574
2.6212302959830867,1.241932162281177,-0.04421257368940116,-0.10397267597278066,-0.16301809033564582,-0.21809677882909392,-0.29491686989831417,-0.3723408980403114,-0.45138540259526067
2.6157002742616036,1.314898558537159,-0.02634453922233655,-0.08224928290678711,-0.12517426798378983,-0.13422582621854662,-0.1878259852444841,-0.2212021057145998,-0.2723923501603884
2.610193536842105,1.3902262487448063,-0.03148592434633707,-0.04350752682775806,-0.01215412874086585,-0.013210988540270134,0.006341334979870137,0.01691030336566967,0.05460733147371364
2.60470993697479,1.4637016676160908,-0.019247744084270366,-0.04439292042940757,0.04802863873407102,0.0010532387718525885,0.12397392936663876,0.13061021282546362,0.22763070634502183
2.5992493291404615,1.5290324763605647,-0.017770037244224685,-0.0018319721994242537,0.1262619048155286,0.1003362861395737,0.2345199966156914,0.3183259435839907,0.4799698670683667
2.593811569037657,1.5899722041008926,-0.00432545332391366,0.044042172557416395,0.12070997531611645,0.17850581117196954,0.34007714630101327,0.4871701044863492,0.7247524554563123
2.5883965135699376,1.6446112072485026,0.0037818027486863277,0.06184448172532509,0.14514075982231897,0.2280920608401636,0.4305320229621819,0.6229731771442897,0.9007368761617631
2.5830040208333336,1.6847620413859492,0.0255034114879228,0.06948315704403686,0.1512159194666274,0.24488054394371392,0.4797395212683168,0.713375267076298,1.0145513356548057
2.5776339501039502,1.715647854219684,0.011675877817905625,0.06409456726779132,0.14581454040515693,0.2661899533975568,0.5084367122214053,0.7365164629661388,1.108034730139341
2.5722861618257262,1.7417869970206434,0.03609119294657972,0.06531451371031735,0.15074832901744015,0.2625183801499812,0.534323724043775,0.7536012977828511,1.1637989218493037
2.5669605175983436,1.753608088514883,0.03709505167653664,0.07792201350575598,0.14773389217701574,0.2475737408365881,0.5034133049186817,0.752599126293232,1.1519073819147396
2.5616568801652893,1.7627311422370746,0.011261104150887434,0.07502996732333746,0.1502053418142593,0.2511451920946586,0.45789443256821205,0.7338058816668158,1.152195250753019
2.556375113402062,1.7676648796809453,0.03083484863552786,0.06717966707779635,0.16712898105728818,0.24953364766059266,0.45737880892633015,0.7363955607375402,1.1212932329088796
2.551115082304527,1.7693111190030206,0.04780558139491521,0.055968972688147364,0.13216398147834552,0.2508619553488925,0.45843035530250525,0.7421816422275453,1.1235772615713606
2.545876652977413,1.7608294277546968,0.036276856435245225,0.05722209262434425,0.12481674916267593,0.23458235414273662,0.464914243101943,0.7524580893453869,1.151915726091882
2.5406596926229508,1.7422666087473473,0.04151970982294225,0.06468484711680528,0.12486609698092492,0.25142104688749717,0.47240652272537614,0.7405947703871456,1.1484047617639528
2.5354640695296524,1.7070623956052562,0.04423256553611418,0.09104911632193474,0.146799798745074,0.2630528362805919,0.47739186647422366,0.7176122892112738,1.087370762560866
2.5302896530612244,1.6499643529823098,0.03768480781884777,0.08998976464194063,0.14129165292116871,0.23176280244028688,0.42051382271523197,0.6451276144057405,0.9491188920311956
2.5251363136456213,1.5719523400118494,0.029739835534493678,0.06611823341527492,0.13314146893259243,0.19327291172102914,0.33017177702806905,0.5050786822039076,0.7233705521910425
2.5200039227642277,1.465067881557106,0.002063194221444007,0.04337991355577929,0.0937708609732122,0.13951859444187859,0.2079581269017445,0.29216584012664365,0.4232617779152692
2.5148923529411764,1.3289144654107403,-0.0114883938273931,0.01566060547715207,0.03832007583074168,0.05070227197453366,0.04626492704004878,0.04313266243915377,0.08385258725691448
2.5098014777327937,1.1769472426112062,-0.02691799415051787,-0.009456861449905707,-0.013792732862462137,-0.02954188455423778,-0.09560299718070428,-0.15042986819618673,-0.19839506704447651
2.5047311717171716,1.0270050328847002,-0.03779172797921562,-0.028070453889944683,-0.05117280093410138,-0.09207777774956162,-0.19651989308470783,-0.27615551440057057,-0.38484755785430813
2.499681310483871,0.8871392637498607,-0.04780864743424913,-0.03155442989472494,-0.06716171287289231,-0.12112707651092688,-0.24266967318527619,-0.3316982147056835,-0.45900634317458733
2.4946517706237428,0.7713944193527613,-0.04394444489511044,-0.03896672114193969,-0.07504149128900046,-0.1287477725092193,-0.25315930843842566,-0.3473389351843895,-0.47750259678142576
2.4896424297188755,0.6738193890148351,-0.044243273520727835,-0.039678348614957844,-0.0779008934437706,-0.12576410610045088,-0.2278136765236979,-0.3284533968112961,-0.4459037968031423
2.4846531663326656,0.5914748068904705,-0.0385355611261033,-0.036217715967811474,-0.06807359053139612,-0.11224755039304479,-0.20855333374985843,-0.28747792618615475,-0.39663200219406597
2.47968386,0.5240020486144285,-0.03100536593132366,-0.03293131337727027,-0.05822419919050073,-0.09231691769179902,-0.1793362909792139,-0.2437813912112731,-0.3402115695055362
2.4747343912175648,0.47166653139246345,-0.029148415671460245,-0.02748665743409835,-0.04925741043989147,-0.07686255446192986,-0.1459971723470874,-0.20659864902566347,-0.28617283074143735
2.469804641434263,0.43198958441510993,-0.022560961144636075,-0.0231891360042427,-0.038012950178514256,-0.062461756002439646,-0.11760548461130409,-0.16940767495899348,-0.23612617515823078
2.46489449304175,0.40026142101999956,-0.019918730326338497,-0.0174334370202935,-0.03137018602158806,-0.05133616985552281,-0.0932568146255138,-0.136086686736864,-0.19430338541796663
2.4600038293650797,0.3715257340702123,-0.01513160382994911,-0.012804852663695368,-0.021934969960961552,-0.038056497427545896,-0.07392785945508983,-0.10970738887732168,-0.15589119938651813
2.4551325346534654,0.3431599923001639,-0.00903604207966075,-0.009679695535901364,-0.014963379834386418,-0.022888800774807334,-0.053755172136224084,-0.08314960102328943,-0.12363300146851051
2.4502804940711465,0.3291912358996325,-0.0064191583439960715,-0.0051230951789552615,-0.00843643345788771,-0.017621163258741614,-0.03780007979630836,-0.056876580375776455,-0.09483754836816863
2.445447593688363,0.3140709319367054,-0.0026211942200399267,0.00030684016672142937,-0.004609124398508877,-0.009257384489210745,-0.026152891606708716,-0.04206888602246948,-0.06431684279395075
2.440633720472441,0.3013010033223594,-0.00278166031816979,3.483013038690782e-05,-0.0038249764333920374,-0.0024697722605974003,-0.017541589535500186,-0.025849969017630668,-0.051623253054906074
2.4358387622789786,0.29188448286013496,-0.002193207223051134,-0.0002011978927564782,0.002653974246750519,0.00684690035706804,-0.007752999359004712,-0.014903877801939469,-0.03450101106569084
2.4310626078431374,0.2816291064265572,-0.00068016433802147,0.002466726933294328,0.0061035191328841516,0.008374753075444585,0.00027566121687799594,-0.009156714514029449,-0.022699820472126864
2.4263051467710373,0.27134309568136966,-0.0015086196054729184,0.004632471875118789,0.011413301339933304,0.008863150321134088,0.009817652527265226,-0.00357425336984829,-0.011256520420901283
2.42156626953125,0.2619017141034025,0.002013553356646669,0.007213748737191859,0.009604230135769989,0.012264657777364386,0.011909530220579558,0.003130959933687752,0.000676351488501892
2.4168458674463937,0.2530654019527473,-0.0011381465963173215,0.004881932472756391,0.011867268483535217,0.01504163230109042,0.01820501108005997,0.005839517440962669,0.006401331320105044
2.412143832684825,0.24916419334438122,0.00040713923083215097,0.010326547932023294,0.013033963747649003,0.018237799560248902,0.01961683472015939,0.011021570735164805,0.014991640023129048
2.4074600582524273,0.2419957246142471,-0.0007205182412896353,0.010058992187828197,0.015501355084591998,0.021155108863424203,0.017599571818234194,0.021437965138551087,0.019988746941452935
2.4027944379844963,0.23683783301577893,0.0019835100622595074,0.008821402507377629,0.015735197435182563,0.02362157310808485,0.016357767692836454,0.02096077714580536,0.023786473210977998
2.3981468665377177,0.2335748517895269,0.0029107489775724773,0.011754497511325826,0.019029444985679347,0.025904792941822328,0.0249559849073535,0.02470426047789318,0.024628270333846645
2.3935172393822395,0.23006566462808412,0.001814831516523092,0.010847824898190642,0.016610225592009767,0.023170901548684154,0.027389902018106167,0.024839404397680453,0.02558205741754926
2.3889054527938343,0.22612006105801188,0.004127108846100396,0.009427213802511991,0.015568106062228292,0.023781682771240462,0.02816953605747158,0.024175169591551894,0.028987246042279008
2.384311403846154,0.2222876726494039,0.00552698629128268,0.008636340634884854,0.017728442032121736,0.024234632504351157,0.028082609924367945,0.026913101572841203,0.02721428572380369
2.379734990403071,0.21874530051949978,0.0056238894946748705,0.01230549062683214,0.015894531191653176,0.025967362807649278,0.02738860127216296,0.02825771495812095,0.028952083914856406
2.375176111111111,0.2143318285376859,0.004027475954273712,0.010172188667088682,0.014972704902854388,0.025391583775190678,0.02589706806595554,0.026494178364589123,0.031355569758492234
2.3706346653919694,0.21102179428547235,0.009662837590815956,0.007291849596428192,0.018132284086680772,0.025998950737210196,0.027052770266420306,0.02760904680419469,0.03292952912283417
2.3661105534351146,0.20968286837166314,0.009130228157153045,0.008504330943106141,0.016261099279373765,0.023521055996263057,0.027485932792949804,0.02922240838550091,0.033048502047553864
2.361603676190476,0.20824332418718794,0.007171605482386204,0.011120476877636332,0.014195898426662093,0.020511234997230593,0.028413788881852798,0.032458010542854306,0.033871390749663915
2.357113935361217,0.20333904944716025,0.005191818154083165,0.008969190778220594,0.016686525258643368,0.020361271909623373,0.029361636252870957,0.03330631848680003,0.03260388889097995
2.3526412333965845,0.20014433881726115,0.006379258313961217,0.007758999012763484,0.01578307154913007,0.022793264546842846,0.028309889801873336,0.03189309000962561,0.033048019436085554
2.3481854734848486,0.19817663533032362,0.0024916757274496344,0.009235928633285906,0.01464363474494294,0.023469607376254767,0.02928991387309193,0.0315033928375824,0.032356811683176626
2.343746559546314,0.1959183368575179,-0.0015332335895245058,0.009994713607123656,0.013956832920318222,0.02302336175775602,0.028581925063115902,0.031487308340308634,0.03754095289285196
2.339324396226415,0.19296424300231488,0.0031606594576981646,0.007105971645990092,0.013090737354427706,0.022813134110839427,0.027421309995978273,0.03218505171328667,0.03498944517769237
2.3349188888888888,0.1947524750576026,0.0027050392724523816,0.008323301380071358,0.01589961280329804,0.019214195697859107,0.02873232022272021,0.03253492620325228,0.03454725242238196
2.3305299436090228,0.19210675615431128,0.0036475424672184177,0.012780246011690685,0.015546852678153518,0.020848543338828743,0.027641326310246715,0.030437828981603434,0.03163537536114444
2.3261574671669796,0.18791171105352755,0.002984187862843773,0.008607894698485786,0.013803089116757684,0.020857761080547165,0.026912426181574016,0.029456689870157177,0.02962908020995588
2.3218013670411985,0.18487022452583635,0.001978575942475356,0.008857998778814984,0.012815160611416646,0.01862378169785937,0.02596837710609885,0.032171171100958476,0.03357208192948546
2.3174615514018693,0.18626137734521317,0.0019206949950590164,0.011681585823688861,0.01750780398232114,0.01768080504703642,0.02620674393434335,0.030120162059541385,0.03470562709211439
2.3131379291044776,0.1842041998820229,-0.0014585987034344881,0.010054667508131148,0.016301083850868793,0.01850195486543828,0.024520046375777413,0.02924405963117465,0.034720354275767175
2.3088304096834267,0.18234222957146665,0.0009470516063933685,0.01056596519359658,0.013374848696671465,0.01803088225490485,0.02263356487683617,0.02850782755677492,0.032425618889049775
2.304538903345725,0.18150246419473887,0.0019898414046315934,0.008554148770771087,0.016407469207514812,0.019551606489999925,0.023515835469154776,0.031161449912971585,0.03637950873843425
2.3002633209647496,0.17893863914638639,0.0004807048072573291,0.004226701057896936,0.014302935350187325,0.017920887467808757,0.02303903660691431,0.03215842369459998,0.032916189423630476
2.2960035740740743,0.17966024503776984,0.0013023150897919955,0.005818412710993366,0.012226360327364625,0.01914303233209889,0.02268873493889124,0.02997222441484399,0.03225165469515885
2.2917595748613677,0.17508912651406752,0.0026266016788756797,0.0050533070821514765,0.015157837616076336,0.012245304518451294,0.023377395374700974,0.02305067970436998,0.03051365294853561
2.2875312361623616,0.17132019814381755,0.004565031811975115,0.006566971010734816,0.013234447368524667,0.015684307430425298,0.024803829528020294,0.023322404211472098,0.0295902209258744
2.2833184714548804,0.17283241771831087,0.005090563921546699,0.009487924519931018,0.012132931767423756,0.0200040478543056,0.02641184081002512,0.02283249768242084,0.02944516296931222
2.2791211948529413,0.17071896761058095,0.003949092580506339,0.005701546169086396,0.011909915199217157,0.01696690470567999,0.02449415299815285,0.02312020170196224,0.028060679645672142
2.2749393211009177,0.1679017313553306,0.004108699361627905,0.004499320942067835,0.010660309278334557,0.016061193944608292,0.02135664286518507,0.024779134668936154,0.03160320531386007
2.2707727655677656,0.1656096334701445,0.004420550350093353,0.008357471936900103,0.009647123340184915,0.014832864875417106,0.01979473617018827,0.02548299773363639,0.029243058897501836
2.2666214442413164,0.16327149025477752,0.0026059895069358075,0.010110675742565182,0.008919937860690945,0.017695790799513056,0.021123875066087927,0.022561129448818884,0.02635054186469399
2.262485273722628,0.1629503254075956,0.002032144570963065,0.013097755041490059,0.01319763217991226,0.015077968575064094,0.017426339314900948,0.01751781930764771,0.026690785804865298
2.258364171220401,0.16224939138406896,-0.0006445771526359224,0.009444227356851267,0.01378558902623181,0.01466705269887802,0.01598933853990143,0.023722408303795683,0.028717695652300188
2.2542580545454545,0.16214892206819093,-0.000768156327722498,0.005783902142007824,0.012682888285198864,0.014723091843909918,0.01770491483488891,0.029458817126908,0.02601851949063135
2.2501668421052634,0.15867635293579796,0.003321406471911085,0.007281131526392947,0.012796721832710585,0.017872541267842844,0.015298777928258095,0.02761909010593938,0.022332510721059174
2.246090452898551,0.1563892271765738,0.002558575850734697,0.00283132372709218,0.012064187889027403,0.020719171174427467,0.018929962014946143,0.021571988452218673,0.025451682425477754
2.242028806509946,0.15768954190080053,0.003798960461023405,0.005625844506166344,0.01012854047707359,0.015157302589381702,0.02152666226223109,0.021484006076143848,0.022897592922531584
2.2379818231046933,0.15776233532512007,0.00407693473569891,0.008498469204916448,0.00931121365455255,0.01548490348319989,0.019275143109705094,0.02211278322319544,0.02198307529019824
2.2339494234234234,0.15425994087992936,-0.00012652371949087204,0.006348473383289303,0.010245413918309649,0.01851922133455796,0.019671103103279818,0.017065720244238525,0.022531597844856824
2.2299315287769783,0.15590134692481503,0.0005076812769909487,0.0022067036761716416,0.010533965639838473,0.016211506315683053,0.018513371444359543,0.022067255894018093,0.023822875476628962
2.2259280610412926,0.15242650016119838,0.0015211477572919638,0.00874662472193116,0.012776879992402587,0.015300075564680786,0.022982479173500034,0.021324417622686307,0.018394773213328375
2.2219389426523297,0.1490661424320293,-0.00021691178543363417,0.005963602783511099,0.012551017688519826,0.014552195387530676,0.017597074020829016,0.024730305877342196,0.022955021627988927
2.2179640966010736,0.15202385603576407,0.00038532392783949254,0.006533515729430288,0.009664157153592288,0.01106739390036672,0.017274689690428703,0.021854637958008023,0.02214290578959882
2.2140034464285714,0.14895279659793154,0.005090094488995731,0.005599555388168839,0.011760889808680066,0.012051696895275035,0.01635058668718059,0.018466072296077475,0.021342595760568548
2.210056916221034,0.14564979448598347,0.0003319946069600491,0.009803316972105056,0.007050182339508966,0.011755666271275538,0.02104968097946426,0.018758326953576814,0.023963341515466464
2.2061244306049823,0.14577049789035648,0.00010088786304587992,0.008710052461020216,0.008846588379434408,0.01129956511005756,0.01692959895020525,0.02219168371398157,0.02109173552601686
2.2022059147424513,0.14204793134884394,0.0027339040194933736,0.005032829206513725,0.00961490411945417,0.01324048868955889,0.015450860737147005,0.01976138348084974,0.021166808964648412
2.1983012943262414,0.14275847792902305,0.0019183750297157036,0.00566005306756317,0.008779257129668275,0.012670929046539667,0.01610193158895436,0.0180017618960572,0.023671634162204868
2.1944104955752213,0.1440026578535972,0.005811941957623894,0.008475597654330274,0.006981350084650823,0.014867823868126719,0.015574005760007007,0.018652173749602253,0.02572535225759096
2.190533445229682,0.14318402288444504,0.002691767224372119,0.0055123178310291215,0.009262638855344717,0.011559350775382508,0.016704909731772154,0.016628813126348556,0.023973419336894324
2.1866700705467372,0.14041006056890415,0.0016533471537226341,0.006265847904505235,0.009502680416214543,0.016343368591194424,0.015279238082646128,0.014461793142891656,0.023234558398430374
2.182820299295775,0.14171255028893748,0.0027509787096855125,0.00967288659567383,0.01239681768419418,0.01661229178102326,0.01321012359521369,0.015192279488279906,0.020930007783317852
2.1789840597539545,0.1387970529030369,0.004077883096736329,0.005315311222705946,0.01058282210219213,0.008404642204576585,0.015017705083757623,0.011503469538399114,0.01457747956983043
2.1751612807017544,0.1357133892716798,0.0005496019442183141,0.004270650191215248,0.010040035293781346,0.014163537525360074,0.015243638138361293,0.015499808124256612,0.015996876611054693
2.171351891418564,0.13684355784208582,0.005665117639470898,0.001996860882189823,0.009630184595381607,0.010302158927450643,0.015775904988721848,0.01697826324550282,0.01750666981391231
2.167555821678322,0.13718662522386868,0.002373811442932494,0.007297144358932236,0.007062238884634722,0.006663107222843905,0.011355401666204069,0.017401765609563982,0.02253900955858985
2.163773001745201,0.13757011819970374,-0.0006182901129249777,0.0043795686428220425,0.010133155184144784,0.007513002568846272,0.00968662998224105,0.014770373813834194,0.019705300286955392
2.160003362369338,0.1322461711707638,0.006097680928430453,0.0045508220432391375,0.006393445762744124,0.008869195175388594,0.009706459445187294,0.013002357257550154,0.019450757346621068
2.1562468347826087,0.13366901475328483,0.00591849493762887,0.003691971354516476,0.003382263954444871,0.00859636595882779,0.013208026166811219,0.012176956474068842,0.018405243549510827
2.1525033506944444,0.1328593208149401,-0.0009176387354086119,0.0031410874316467703,0.007612470908596196,0.010201482849265343,0.013293631891344767,0.013544189613127118,0.01790832279257261
2.1487728422876953,0.1319052627482057,0.0005394634166756375,0.004092420833187236,0.007381733333531465,0.012500622114392504,0.008432561644899252,0.015176325015976029,0.01934200919348418
2.145055242214533,0.13402025168701914,0.00424313776189179,0.004764388005542109,0.006491263407739414,0.01168878683635368,0.010923821714087236,0.016005185379559837,0.017913944809978353
2.141350483592401,0.13316348129825872,0.0017119408768228141,0.003091040179451573,0.006453230151282889,0.011887358626557445,0.012066861547495615,0.018598781925739046,0.017125243012439607
2.1376585,0.13291036481727186,0.0026473499178699834,0.002843941001260524,0.008644215553475474,0.011830722925805436,0.01645904506655099,0.017404541937420016,0.015419948413923634
2.133979225473322,0.12983989293603046,-0.001330217356373957,0.003712447741304333,0.007653391529414312,0.009223142221250237,0.013948931698087271,0.01698710362296282,0.014385578332259185
2.1303125945017185,0.1298453404509962,0.0031101054722898896,0.0024403818796872438,0.007163336477590264,0.007295448739017273,0.008985405991632743,0.016664415051765833,0.015523120175658598
2.1266585420240136,0.12905282733220294,0.002418907211426126,0.005108203439304443,0.0031058412036434387,0.008531996033945366,0.011106133454546504,0.019603541122596282,0.017787465363195972
2.123017003424658,0.12726105716063374,-0.00048206595042668115,0.005008028666172604,0.0026304412994866116,0.008820902707985665,0.008737224868575071,0.015891900761495933,0.01562266094176481
2.1193879145299146,0.13065293696629637,0.00031424630750162633,0.00348859452570879,0.004700047818871264,0.009232491038419536,0.01009785317233839,0.014398933167522079,0.014071017319694344
2.1157712116040956,0.12857280919223532,0.0049684634959587795,0.005480998207066546,0.007996859901536191,0.011071143852590998,0.014003629521103155,0.015051522736718259,0.011173026353295156
2.112166831345826,0.12763663448225793,0.002277766109242233,0.0052855104246831465,0.00867641327103181,0.01190055392570193,0.01347828066982874,0.018765706139063983,0.015494398127789001
2.108574710884354,0.12583631147568408,0.003552093854999211,0.006691315981012461,0.0077561589405364655,0.010628264798902946,0.014264560562935773,0.015215403685692004,0.018087538745717762
2.104994787775891,0.1273001773823882,0.0031098421625407897,0.005456035651538038,0.006824114126175289,0.009386580975875853,0.011755429998827546,0.014462615172789151,0.014220117738043932
2.101427,0.12633431908055037,0.0005726140159446212,0.005618895730955824,0.004617274465112861,0.008376556557592237,0.011844967600671908,0.016295113363157702,0.013324729826898916
2.097871285956007,0.12597626222081612,-0.002910577185255659,0.007804844760902216,0.004709206454510145,0.007993078125495733,0.01273514529280444,0.01638093032410684,0.011903737693763764
2.0943275844594593,0.12345038916011347,-0.0008217519996494952,0.007754027670168253,0.008745277309400275,0.008237702726431158,0.01120414536245229,0.01173359837982071,0.014379372481433042
2.0907958347386173,0.12189625459976607,0.0010078571943292133,0.002734753800619832,0.007590850055003489,0.008988531455409095,0.010918881738886489,0.010123581072705045,0.013738094382992547
2.0872759764309765,0.12270112743391817,0.004943431321579498,0.0009206920737561868,0.00833240390078442,0.01135277580861258,0.011502233499898306,0.01015901698056486,0.013125903357869879
2.083767949579832,0.11987068401171593,0.0026998895870685284,0.0020728643604809686,0.009383261714278937,0.0098940704270363,0.01202966396651373,0.01220487123481502,0.012872512594116934
2.0802716946308726,0.12164329903501477,0.0010937615739469203,0.0033063690153144957,0.0074342209349332,0.010344732455452855,0.008813299158212372,0.012838934234007875,0.01609890349383196
2.076787152428811,0.124246015607731,-0.0014833898476307268,0.004561566799096212,0.008902282570785293,0.007921463965808735,0.009514395289876687,0.011687502979870295,0.015322570963376242
2.073314264214047,0.1222096783691277,-0.0007074644545658247,0.003898098358865088,0.008963803274654087,0.007443861315199559,0.007635020051195115,0.009988861685214519,0.01719295515168951
2.069852971619366,0.12110236584787694,-0.0005636641319393595,0.002035011423664036,0.005986770484699134,0.004713945510448495,0.005799031521226172,0.010550594262759998,0.014977293994848017
2.0664032166666666,0.1187631540823646,0.0012966967111671494,0.004519950037492516,0.004177162200999794,0.004649195434884514,0.012471537716730586,0.010883091264285487,0.0167312480205518
