Energy (eV),Absorption (OD)
3.1,1.0053862861845657
3.092269326683292,1.0027809864839117
3.084577114427861,0.9999368127597227
3.076923076923077,0.9969568979855575
3.0693069306930694,0.9939443751349751
3.0617283950617282,0.9910023771815366
3.0541871921182264,0.9885287823033644
3.0466830466830466,0.9862027467398919
3.0392156862745097,0.983927575934183
3.031784841075795,0.9816154980391278
3.024390243902439,0.9796088351845247
3.017031630170316,0.9779386134210911
3.0097087378640777,0.9765813337592
3.002421307506053,0.9755238884540938
2.995169082125604,0.9743076766352583
2.9879518072289155,0.9729261303966537
2.980769230769231,0.9718349596296931
2.973621103117506,0.9702193448410702
2.9665071770334928,0.9680884313316318
2.9594272076372317,0.9656035131728209
2.9523809523809526,0.9635465602182944
2.9453681710213777,0.9613367568984121
2.938388625592417,0.9597815143283592
2.9314420803782504,0.9584943329624347
2.9245283018867925,0.9570979919445902
2.9176470588235293,0.956392214507667
2.9107981220657275,0.9560325358931726
2.9039812646370025,0.9560042372759601
2.897196261682243,0.9564980640753855
2.8904428904428903,0.9573416339857717
2.883720930232558,0.9577839294982493
2.8770301624129933,0.9579619903787941
2.8703703703703702,0.9586165604351639
2.863741339491917,0.9590117999605843
2.857142857142857,0.9594894626698407
2.8505747126436782,0.9596966352544211
2.8440366972477062,0.9602346262623253
2.8375286041189933,0.9615708435511996
2.8310502283105023,0.9632312681118871
2.8246013667425967,0.9649985186170166
2.8181818181818183,0.9660508677034609
2.811791383219955,0.9676485939973613
2.8054298642533935,0.9698383731901993
2.799097065462754,0.9719332479630405
2.7927927927927927,0.9736593495767278
2.7865168539325844,0.9745314909356608
2.780269058295964,0.9761136368264529
2.7740492170022373,0.9775796247803717
2.767857142857143,0.9785259608991203
2.7616926503340755,0.9799138763441889
2.7555555555555555,0.9806888481516634
2.7494456762749446,0.9823866391461338
2.743362831858407,0.9835911399582118
2.7373068432671084,0.9842662985302317
2.7312775330396475,0.9845489248417743
2.7252747252747254,0.9848983217462831
2.719298245614035,0.9853452349169183
2.713347921225383,0.9839644935173726
2.7074235807860263,0.9823011456617605
2.701525054466231,0.9807674164665974
2.6956521739130435,0.9785415521815903
2.6898047722342735,0.9768667955042505
2.683982683982684,0.9735194211765053
2.678185745140389,0.9691675701686822
2.6724137931034484,0.9648379441503188
2.6666666666666665,0.960533170066662
2.6609442060085837,0.9562919237121583
2.6552462526766596,0.9508254857897067
2.6495726495726495,0.9459226141378911
2.6439232409381663,0.9403469611197186
2.6382978723404253,0.9349423118851345
2.632696390658174,0.9293853083552939
2.6271186440677967,0.9224789550578364
2.6215644820295982,0.9148491977278358
2.6160337552742616,0.9074007885080727
2.610526315789474,0.8997664039323952
2.6050420168067228,0.8923624912649066
2.59958071278826,0.8841814904901828
2.594142259414226,0.8764023641609635
2.5887265135699375,0.8680948746544848
2.5833333333333335,0.8604284728803986
2.577962577962578,0.8527951600244645
2.5726141078838176,0.8455017659419025
2.567287784679089,0.8384109154385972
2.56198347107438,0.8321191188968262
2.556701030927835,0.8259111168840058
2.551440329218107,0.8193367262918703
2.546201232032854,0.812162398500244
2.540983606557377,0.80546974365921
2.5357873210633946,0.7993638500551894
2.5306122448979593,0.7940960186173136
2.525458248472505,0.7891534562544512
2.5203252032520327,0.7844170981530012
2.5152129817444218,0.7798568221483375
2.5101214574898787,0.7766767980697501
2.505050505050505,0.7738153487995407
2.5,0.7701376964969362
2.494969818913481,0.7668635368637162
2.4899598393574296,0.7647487829909443
2.4849699398797593,0.7633572498015394
2.48,0.7625207572812335
2.475049900199601,0.7618918241728894
2.4701195219123506,0.7610793249619927
2.4652087475149105,0.761172826339856
2.4603174603174605,0.7620030496773385
2.4554455445544554,0.76362485010222
2.450592885375494,0.7655187631653411
2.445759368836292,0.7690718969793904
2.440944881889764,0.7733570882016139
2.43614931237721,0.7777819070788803
2.4313725490196076,0.7832544056460828
2.426614481409002,0.7886529226717158
2.421875,0.7947550572572415
2.4171539961013644,0.8017623979940264
2.412451361867704,0.8083596370084265
2.407766990291262,0.8158896297760938
2.4031007751937983,0.8237832960354585
2.3984526112185685,0.831979411572005
2.393822393822394,0.8399451751691942
2.3892100192678227,0.8471523488158661
2.3846153846153846,0.853483319103375
2.380038387715931,0.858015556593835
2.375478927203065,0.862405182744724
2.3709369024856595,0.8646650465319169
2.366412213740458,0.8650261801534556
2.361904761904762,0.8639196812724301
2.3574144486692017,0.8613065838233136
2.3529411764705883,0.8577105220577245
2.3484848484848486,0.8524888075731667
2.344045368620038,0.8451929257772475
2.339622641509434,0.8360581976241752
2.335216572504708,0.8263375167236517
2.330827067669173,0.8156925844017044
2.326454033771107,0.8035072238517236
2.3220973782771535,0.7909483063849163
2.317757009345794,0.777897354911329
2.3134328358208953,0.7655766250578089
2.3091247672253257,0.7538222854210088
2.3048327137546467,0.7421700114605758
2.300556586270872,0.7314615553411326
2.2962962962962963,0.7214919371212181
2.292051756007394,0.7126753622014605
2.2878228782287824,0.703939077510648
2.283609576427256,0.6956676164816502
2.2794117647058822,0.687968203892478
2.2752293577981653,0.680712614605985
2.271062271062271,0.6739657507629091
2.26691042047532,0.6674717172875752
2.2627737226277373,0.6615071125535543
2.2586520947176685,0.6561271799893866
2.2545454545454544,0.6510581355831766
2.250453720508167,0.6464265658701683
2.246376811594203,0.6418094052159034
2.2423146473779387,0.6376155489419818
2.2382671480144403,0.633701242369673
2.234234234234234,0.6299737723570774
2.2302158273381294,0.6262014369413988
2.2262118491921004,0.6222360343045905
2.2222222222222223,0.6182046456180539
2.21824686940966,0.6143054571795141
2.2142857142857144,0.6105550730691278
2.2103386809269163,0.6065655018768696
2.206405693950178,0.6021577889660571
2.202486678507993,0.5978616425042802
2.198581560283688,0.5937965213110139
2.1946902654867255,0.5906321650587744
2.1908127208480566,0.5871312209449769
2.18694885361552,0.5839837402600261
2.183098591549296,0.5806531768575252
2.1792618629173988,0.5779906811881494
2.175438596491228,0.5753966100604325
2.171628721541156,0.5720629244977252
2.167832167832168,0.5688395212053211
2.1640488656195465,0.5653955204749077
2.1602787456445993,0.5628528557214836
2.1565217391304348,0.5602214845830412
2.1527777777777777,0.5569863124650634
2.149046793760832,0.5545580208217932
2.1453287197231834,0.5519700442192162
2.1416234887737478,0.5501667552365545
2.1379310344827585,0.5477746082975361
2.134251290877797,0.5457054824479967
2.1305841924398625,0.5441228243609362
2.1269296740994856,0.5420755883992772
2.1232876712328768,0.5404968625670153
2.1196581196581197,0.5378983937293533
2.1160409556313993,0.5359434413025469
2.1124361158432707,0.5344819395426968
2.108843537414966,0.5331204621191702
2.1052631578947367,0.5321533821792801
2.1016949152542375,0.530859300789067
2.0981387478849407,0.5303442088929318
2.0945945945945947,0.5293970174856655
2.09106239460371,0.5286617454580447
2.0875420875420874,0.5277155037272555
2.0840336134453783,0.5263336060915733
2.0805369127516777,0.5250744673716659
2.0770519262981573,0.5238234687991078
2.0735785953177257,0.5228551467785609
2.0701168614357264,0.5218249359809154
2.066666666666667,0.5202531558317193
2.0632279534109816,0.5191396735262219
2.0598006644518274,0.5181738843346838
2.056384742951907,0.5182733680984983
2.052980132450331,0.5179774071993604
2.049586776859504,0.5169688620152595
2.046204620462046,0.5160561960474651
2.042833607907743,0.5151613677556726
2.039473684210526,0.5140727205865269
2.0361247947454846,0.5125111371240307
2.0327868852459017,0.5112570709573496
2.0294599018003274,0.5106391004008922
2.026143790849673,0.509956212815657
2.0228384991843393,0.5094803342694817
2.019543973941368,0.5087209365297249
2.016260162601626,0.5078910594990123
2.012987012987013,0.5072993819450091
2.0097244732576987,0.5064165944232618
2.0064724919093853,0.5055535930814101
2.003231017770598,0.5046651028657836
2.0,0.5046700985521243
1.996779388083736,0.5043813594784519
1.9935691318327975,0.5038987329654148
1.9903691813804174,0.5032023813114098
1.9871794871794872,0.502744349042688
1.984,0.502240997863451
1.9808306709265175,0.5015768753375224
1.977671451355662,0.5007532570700598
1.9745222929936306,0.5001280926280613
1.971383147853736,0.49954828268644724
1.9682539682539681,0.4993458729824418
1.9651347068145801,0.4982206099584302
1.9620253164556962,0.49699528014000327
1.9589257503949447,0.4963565591041902
1.9558359621451105,0.495598951294573
1.952755905511811,0.49485462350988824
1.949685534591195,0.49379695546381774
1.946624803767661,0.49296037553248595
1.9435736677115987,0.49250849673834207
1.9405320813771518,0.4922069843549052
1.9375,0.4915212871368383
1.9344773790951637,0.4899095369385673
1.9314641744548287,0.48891553888680045
1.9284603421461897,0.488505212632577
1.9254658385093169,0.4880310587947313
1.9224806201550388,0.4873691123797485
1.9195046439628483,0.48662837599657816
1.9165378670788253,0.4866304619991372
1.9135802469135803,0.48607063459479743
1.9106317411402156,0.4853576114107335
1.9076923076923078,0.48478030712653997
1.9047619047619047,0.4837487535013819
1.901840490797546,0.48363163587159735
1.898928024502297,0.4830618388899742
1.8960244648318043,0.4826777158780995
1.8931297709923665,0.48201508397218823
1.8902439024390243,0.48160104879541343
1.887366818873668,0.4817416029615232
1.884498480243161,0.48093051703348433
1.881638846737481,0.48050097078585896
1.878787878787879,0.4802691946273043
1.8759455370650528,0.479894872434388
1.8731117824773413,0.47997404870309945
1.8702865761689291,0.4790665797547849
1.8674698795180722,0.47840474252270804
1.8646616541353382,0.4779558759012491
1.8618618618618619,0.4770913127576499
1.8590704647676162,0.47659473613800646
1.8562874251497006,0.4757169051939216
1.8535127055306428,0.4751674651197155
1.8507462686567164,0.47465065535975637
1.8479880774962743,0.474048903711075
1.8452380952380953,0.47340547292701896
1.8424962852897473,0.47235214882623444
1.8397626112759644,0.4717711502701558
1.837037037037037,0.47115754709725544
1.834319526627219,0.47027429313198477
1.8316100443131462,0.46958030184062227
1.8289085545722714,0.46884223718026946
1.8262150220913107,0.4685492398147468
1.8235294117647058,0.46850531817936636
1.8208516886930983,0.4679912641462767
1.8181818181818181,0.4676355456651806
1.8155197657393851,0.46713132071937724
1.8128654970760234,0.46643678093290275
1.8102189781021898,0.46590162973539107
1.8075801749271136,0.46546967353822366
1.8049490538573507,0.46505808542535854
1.802325581395349,0.4642945510853897
1.7997097242380262,0.4640452777763327
1.7971014492753623,0.46362207043061243
1.7945007235890014,0.4630056863557095
1.7919075144508672,0.46256477311402855
1.7893217893217894,0.46178446130084405
1.7867435158501441,0.4610839964513431
1.7841726618705036,0.4606621665243451
1.7816091954022988,0.46025881098242677
1.7790530846484935,0.45988160423273616
1.7765042979942693,0.45951411712744816
1.7739628040057225,0.45913992051873886
1.7714285714285714,0.45874258525878425
