Energy (eV),Electroabsorption (mOD) - 300.0 V,Electroabsorption (mOD) - 250.0 V,Electroabsorption (mOD) - 200.0 V,Electroabsorption (mOD) - 150.0 V,Electroabsorption (mOD) - 100.0 V
3.3066666666666666,0.49616542581874595,0.42472412840488477,0.29811169004527743,0.3149954665152118,0.41797661454002577
3.297872340425532,0.5046052428082181,0.3375417274084376,0.2733335622744319,0.45105575194044245,0.18447614032046178
3.2891246684350133,0.25723330534352823,0.22941805340700674,0.13182043523759576,0.20908540292862676,0.31163069041531144
3.2804232804232805,0.09902758098583804,0.22838008772780224,0.20892251037405338,0.014225689961241829,0.2723893083864382
3.271767810026385,0.04293857621512027,0.14777169376455473,0.1412692319291698,0.19766750626795584,0.29517423158046363
3.263157894736842,0.047524689112112606,0.10275305333139664,0.1314489948077472,0.27421982554719443,0.2800931344764096
3.254593175853018,0.07901755236005771,0.03785234846762125,0.08672877005307836,0.14354481771570193,0.1566893863490679
3.2460732984293195,0.038594277029569066,0.06398570070173154,0.039197618765141454,0.006754921243131211,0.12181489405073155
3.2375979112271542,-0.023907048381641066,-0.004787425140630393,0.039250157807783466,0.056137426114850994,0.11376998272302766
3.2291666666666665,-0.05613767841668412,-0.048109678002545286,0.0799660947580057,0.12393356832402994,0.12640781253954797
3.220779220779221,-0.07350086618578787,-0.0796052155883739,0.01604722500419071,0.0673542062439651,0.1629651752572
3.2124352331606216,-0.14083226175584737,-0.03353006650291425,0.02459228472735184,-0.001215635612648199,0.13272413223745458
3.204134366925065,-0.13291628000826466,-0.11023533071694373,-0.03946387693841816,-0.0025190798353672394,0.10076001661102349
3.195876288659794,-0.09741433762604947,-0.08929909861856658,0.0008810725204872011,0.010158681663462432,0.02974669250694679
3.1876606683804627,-0.16312841686423032,-0.10724423841123144,-0.025367802454462476,-0.006045894151652492,0.018978221992055948
3.1794871794871793,-0.16283223601638822,-0.13364581313307372,-0.07930400940796374,0.005799796318679123,-0.0028444166513559707
3.1713554987212276,-0.16878453338866076,-0.12070339517494122,-0.09136645960448649,-0.019896137959994627,0.003245662051074501
3.163265306122449,-0.18555369177863926,-0.13787888238017224,-0.05479166287337098,-0.026432419682907406,-0.04037757764022911
3.1552162849872776,-0.185576216957645,-0.11569655709860563,-0.05777736841085821,-0.01958033472799507,-0.013364585592869906
3.1472081218274113,-0.12997265183314036,-0.1126922947966202,-0.05936102845769001,-0.021626956251632076,0.006498035449665162
3.1392405063291138,-0.13699296688290627,-0.13566145669224333,-0.06885210612814617,-0.046599418043595194,0.0036375307239616523
3.1313131313131315,-0.13403531305981747,-0.10431491770212778,-0.053224203249146305,-0.02320904314931751,0.04653889626654195
3.123425692695214,-0.11570709769280739,-0.09231437901340712,-0.06386715049022113,-0.03216031597894268,0.005250241772434812
3.1155778894472363,-0.1131988238663809,-0.10509043031164385,-0.06596070833788674,-0.02024505780934727,0.047768266738116516
3.107769423558897,-0.12197664941088766,-0.0974764577168736,-0.058351172704593404,-0.024970394075860575,0.010892146709921516
3.1,-0.12921140645178208,-0.09835839134573916,-0.05702143798329787,-0.028932401498392376,-0.0029062748535888553
3.092269326683292,-0.14037262010943866,-0.08875107777118556,-0.0541890223891747,-0.03219305061528409,-0.0052529806528185
3.084577114427861,-0.1438005841887847,-0.08595793173932312,-0.06452325789324945,-0.03490989058730617,0.0020262462891635366
3.076923076923077,-0.14274226794424866,-0.10336009590858088,-0.06364170631778775,-0.03656283751425855,-0.0007196342672093621
3.0693069306930694,-0.1594808157873277,-0.11367396951229675,-0.06877244471624448,-0.03717528633086814,-8.766411492390755e-05
3.0617283950617282,-0.15900203007848462,-0.10055632235021854,-0.0648290030180568,-0.043482934029294505,-0.01385666501578834
3.0541871921182264,-0.1587018802463141,-0.12134400387629449,-0.07548166951456257,-0.04852787063485452,-0.025057644785838083
3.0466830466830466,-0.17557841472649305,-0.1276070450227073,-0.07613245821168899,-0.05052304369018466,-0.014498354378093369
3.0392156862745097,-0.1700623935739874,-0.1306030716841975,-0.08155246846877202,-0.043961770863528586,-0.01710632892215992
3.031784841075795,-0.16419433211848397,-0.11905965137743849,-0.08022912095027707,-0.04545491747589943,-0.021299520221181076
3.024390243902439,-0.15273915657669593,-0.11931771371492843,-0.067972037918449,-0.039587626686873316,-0.014866862070507796
3.017031630170316,-0.14030628466902553,-0.11409776991069479,-0.06555883274012547,-0.03841254712624819,-0.015315108651869669
3.0097087378640777,-0.12254812326827441,-0.08642923169205054,-0.05927467715757177,-0.030070791721067268,-0.012144757582083636
3.002421307506053,-0.0962128931767544,-0.07242486729790143,-0.036814389038159194,-0.024301261139507608,-0.011335044420840388
2.995169082125604,-0.06257631066969482,-0.04972247633681603,-0.026024992235869213,-0.019068803015176748,-0.0026406422583596313
2.9879518072289155,-0.034703605482020956,-0.024297474711367402,-0.016107220291225792,-0.007634493100907593,0.006270440292022357
2.980769230769231,0.005064663307275589,0.010274712279729101,0.0014457979096137296,0.0036356919952622332,0.002496844945185611
2.973621103117506,0.01666320116281929,0.017896494726847224,0.012342627203931771,0.011707361090779323,-0.0012476198850807424
2.9665071770334928,0.04430338361905368,0.0420500170501328,0.022642696813328457,0.020275317835040343,0.01115977498644827
2.9594272076372317,0.06348480821997138,0.05373957481091228,0.03615250723380337,0.03069655047802398,0.01138452963960514
2.9523809523809526,0.06717349512846243,0.05767901220737023,0.043051918528582304,0.032194534585880674,0.010804627331718952
2.9453681710213777,0.06613983045421389,0.05438146610912997,0.03715201327538174,0.022309215754169224,0.012735583957547458
2.938388625592417,0.05361944879363839,0.045662915115907234,0.02969387180981127,0.02287199294234119,0.011701176739745231
2.9314420803782504,0.028289668018742373,0.024357355622588287,0.017025119142161635,0.013486219021103661,0.008755676436170017
2.9245283018867925,-0.007359703167887859,-0.005810493364731236,0.0015022059819479745,0.002088587692393791,0.003925778853953111
2.9176470588235293,-0.051215170115144225,-0.03666561273601234,-0.012694304222694686,-0.008479595309787749,-0.00199508026164857
2.9107981220657275,-0.09926048732292635,-0.08109479614867415,-0.04276418714379211,-0.027615848293297787,-0.008378782453722313
2.9039812646370025,-0.14417843914885792,-0.11604538128383797,-0.07341042562308685,-0.048384833303764814,-0.016356955940882163
2.897196261682243,-0.1896219548409523,-0.1515985238313869,-0.10000553617623356,-0.06430046446898427,-0.01815980216223809
2.8904428904428903,-0.23124533613775242,-0.18949370797815196,-0.12008788757802791,-0.07907573454126425,-0.02708022581574207
2.883720930232558,-0.2565010996183415,-0.20462326713146375,-0.1374229026760575,-0.08654142607789801,-0.03591515495318187
2.8770301624129933,-0.2576382605206114,-0.21402895062953733,-0.142358024485329,-0.0970315206281748,-0.04472016899397569
2.8703703703703702,-0.2320466895787706,-0.20396532818418536,-0.13487075871453033,-0.095230104907832,-0.04004509652631966
2.863741339491917,-0.1833187023644566,-0.16231518689587307,-0.10373505948827216,-0.08011809628003029,-0.030911046286341698
2.857142857142857,-0.09940553719375728,-0.09686355354103775,-0.06803947541413155,-0.050676409010993115,-0.018186727859957685
2.8505747126436782,0.013566771529295302,-0.0059032883474634335,-0.01101745494573218,-0.011545000151891515,-0.004364259160377362
2.8440366972477062,0.14560333880601636,0.1014685973778278,0.05619464808897288,0.03451443352283522,0.01429348155256663
2.8375286041189933,0.34346937483753265,0.22186522287632104,0.1645629986808107,0.09185134988894397,0.03362512373192347
2.8310502283105023,0.466934997814695,0.36759313792332005,0.2552976775680262,0.15169863682051546,0.0459959658175045
2.8246013667425967,0.6186255356595549,0.4948493966220257,0.31739473859213857,0.1995921071166464,0.08437958168393958
2.8181818181818183,0.7519808118261673,0.595283554258268,0.4046582636602959,0.2616123142258166,0.11980023785952655
2.811791383219955,0.8537568708064125,0.6721355574972793,0.4552012485138853,0.3016716590926358,0.13085891787256557
2.8054298642533935,0.9030956380476014,0.7250988449275054,0.49116965699451,0.3260607911478949,0.1340722205021013
2.799097065462754,0.9320007295897418,0.7419446872516916,0.4958809205886991,0.3293991850942951,0.13796294620481922
2.7927927927927927,0.9141965153238556,0.7282899758482161,0.4837263385716608,0.3256408212627797,0.13964239285245234
2.7865168539325844,0.848588336747674,0.6793478760264993,0.45592363615308024,0.30177422335341386,0.13464080288562036
2.780269058295964,0.7545507343576702,0.6058955452476616,0.4046700686540983,0.26857050629718215,0.1261290673614835
2.7740492170022373,0.6543302822889511,0.5112844906172723,0.3392397640753222,0.2348019305597533,0.10036669585878524
2.767857142857143,0.5201533421311417,0.40147702352918385,0.2709245015983008,0.18256714484428221,0.07672195195008753
2.7616926503340755,0.40417638440389353,0.32062497774291127,0.21185480068755927,0.14589980558070878,0.06268722667346648
2.7555555555555555,0.29305886638839557,0.22957427647787176,0.1556610161978608,0.10054815941788138,0.04602584644684243
2.7494456762749446,0.1952055512503976,0.143305714621696,0.09762753907947205,0.05954464170562791,0.025983259801675745
2.743362831858407,0.06416300238468041,0.08727214444464405,0.028659177122599067,0.04722554496964997,0.0196459966026424
2.7373068432671084,0.044259797464685516,0.0699329967801486,0.024652397316054845,-0.0004618467567972331,0.007399035128650584
2.7312775330396475,0.051461156453812475,0.03418531293542874,0.021283158919377675,0.012680037300940862,0.008125203929934663
2.7252747252747254,0.03901306609712542,0.0133452978544571,0.027221758940053378,0.03608060678268689,0.011779047822597486
2.719298245614035,0.10011745870049565,0.023290587018877547,0.02434278446118554,0.01734257469648738,0.007816641169876562
2.713347921225383,0.038775799453816984,0.011379270661146709,0.011589124652939741,0.005533616116153309,0.037383547577946145
2.7074235807860263,-0.009985010550645,-0.0022275217822702626,-0.010763436660089483,0.006253835465906808,0.013703699578752958
2.701525054466231,-0.03998707722399657,-0.02995389400965081,-0.023134355844425185,-0.011278955837143282,-0.0004900733413124371
2.6956521739130435,-0.07853040769247555,-0.060929123228726983,-0.03741177831948345,-0.020156709016710052,-0.014140927472515892
2.6898047722342735,-0.12312310236367503,-0.09531222733825091,-0.05434981766483431,-0.035536134344938096,-0.012276391256198707
2.683982683982684,-0.16048365089635228,-0.11496602939092991,-0.07303595869924749,-0.04286031011282064,-0.015579531748374684
2.678185745140389,-0.19108116319597238,-0.14095734339387977,-0.08931494996350879,-0.05168065407490608,-0.01716006702078718
2.6724137931034484,-0.22281818422504274,-0.15510366465543485,-0.10189659820233231,-0.05734473829383475,-0.027536976090251335
2.6666666666666665,-0.24279654420520982,-0.17220116683333053,-0.11026019156033234,-0.0712991302148302,-0.028542565045221707
2.6609442060085837,-0.2555439133267998,-0.17789175857810918,-0.11398517807449644,-0.07354518313703276,-0.023080553856242345
2.6552462526766596,-0.26017119232454894,-0.1772410806111119,-0.1156040037260956,-0.07300310712437143,-0.025665607880443406
2.6495726495726495,-0.25019979215116783,-0.1844925715963765,-0.11382674200212563,-0.07743643273081184,-0.026419000093011364
2.6439232409381663,-0.2470712974473271,-0.17818823254223182,-0.11591219243545789,-0.07328866915824546,-0.02295213744462004
2.6382978723404253,-0.23562101876457026,-0.16394997921895077,-0.1038734570773325,-0.06492291450092028,-0.019513025336997294
2.632696390658174,-0.2163490131324764,-0.15593989582115103,-0.1000248207473697,-0.05723087510295551,-0.031595585647885144
2.6271186440677967,-0.1936470423207181,-0.14123819156310632,-0.08859592195127793,-0.05513310184448434,-0.021838143556091812
2.6215644820295982,-0.17201584080740812,-0.1292795048634621,-0.08078076067763328,-0.04630007708757277,-0.00851606574029613
2.6160337552742616,-0.1325534985097844,-0.10674861506980127,-0.05854126047037189,-0.04715852668987726,-0.007239645332022939
2.610526315789474,-0.12125498910453442,-0.09162522487172328,-0.053630394228686346,-0.03162606707712006,-0.00015099130264703453
2.6050420168067228,-0.12151915594496791,-0.08025236273379636,-0.059749706072225815,-0.02346270251607958,0.00030857135815231406
2.59958071278826,-0.13848400780193143,-0.11209506901402408,-0.05459545240631361,-0.030592219677541527,-0.004048628014858044
2.594142259414226,-0.17781701263699493,-0.1257703923324422,-0.07355509563225694,-0.043574498679616165,-0.007909143902355762
2.5887265135699375,-0.25000368630654096,-0.16368622639674932,-0.10280077383661498,-0.06260996702867093,-0.014067833877470909
2.5833333333333335,-0.3302120517837721,-0.22608855947225184,-0.1345435516015883,-0.08813726984927146,-0.036047903593051864
2.577962577962578,-0.43639383739483895,-0.2960012089636694,-0.19837004766611221,-0.10584796656769281,-0.0389189938101635
2.5726141078838176,-0.5477525125552193,-0.3940207448044674,-0.24696484485197823,-0.14847242040356096,-0.04254826473434492
2.567287784679089,-0.689751303653313,-0.496957148225103,-0.29867765875749436,-0.1906587982570404,-0.057264808623179446
2.56198347107438,-0.8101454950247297,-0.5722779208750617,-0.3569074349034207,-0.23767225578241524,-0.08345845499419836
2.556701030927835,-0.8701163087717607,-0.6005696341363851,-0.38568261510219304,-0.24612214744610597,-0.0900497593912324
2.551440329218107,-0.7896219164480255,-0.5627309146008102,-0.3687446820566416,-0.22045662598624752,-0.08030346586475952
2.546201232032854,-0.582082621550597,-0.4296537813813848,-0.28447290122264063,-0.17529038318169685,-0.0507381326084856
2.540983606557377,-0.2947898531901076,-0.23795977228494225,-0.16049298063727957,-0.10233613013985805,-0.032828136679005145
2.5357873210633946,-0.010054701613637205,-0.04037034102507893,-0.028160739685228586,-0.022845853575090756,0.005707666805619128
2.5306122448979593,0.16490989047218152,0.09427754720326212,0.06462796019372642,0.04064427782389074,0.022208719331080172
2.525458248472505,0.23313521809963839,0.13259113503835654,0.10311708010354315,0.06320904074843976,0.038696060063147755
2.5203252032520327,0.1130198667363599,0.15586835300636778,0.0806666569827924,0.09583581233714712,0.03780875092826755
2.5152129817444218,0.0931427541800556,0.05441266402690027,0.04535872033497424,0.04289035771933926,0.02155655852340561
2.5101214574898787,0.05979698392656476,0.037734218655191776,0.03321884635964176,0.024074183920179685,0.00915276575289034
2.505050505050505,0.03739365282401133,0.02499214974951872,0.024016551337062333,0.011372956378606408,0.0058544810609466045
2.5,0.0238208457346068,0.014163905742556234,0.01304471162887147,0.007388223927825367,0.003157767282361848
2.494969818913481,0.00844743409890002,-0.01584166574542741,0.006058834551501482,0.012785487927411307,0.012595387136709577
2.4899598393574296,-0.006183509797014211,-0.004914780706919788,0.017315715604691497,0.0018660781288361381,0.0013564461831111507
2.4849699398797593,0.0025978143945784866,-0.007700481993962603,0.0043344471008852055,0.0001900335141871915,0.015539531779398682
2.48,-0.005941466704670372,-0.006882786319484091,-0.00547350346726559,-0.006566024125941572,-0.0012967217825890689
2.475049900199601,-3.166693146774259e-05,-0.00027271755353492684,-0.0028028163192863344,-0.0010503865773696219,0.005299016129958964
2.4701195219123506,-0.006917552033205645,0.005894605178852494,0.002555091374951814,0.001962680355084143,0.0004549651950497036
2.4652087475149105,-0.007518001278556818,-0.004439432097194125,0.0020560694013320264,7.740420715685944e-05,0.0015864867043084625
2.4603174603174605,-0.0014787783956695338,-0.0032789253908405893,0.0012301702577283068,-0.0016676099677988938,0.0023150806932043014
2.4554455445544554,-0.0003568794620480617,-0.003992973144079278,-0.010784918974765904,-0.0012419950576916794,0.003464275936926637
2.450592885375494,-0.003639221417028573,-0.004925506209441229,-0.008682888262375838,9.054797168453782e-05,0.0036339455648372273
2.445759368836292,-0.0013797312416253663,-0.0006569124986706226,-0.0008472125035456252,-0.00011630283102329117,0.0009242216180248417
2.440944881889764,-0.0021058868317343524,-0.003453214957203473,-0.0012030073203968673,-0.003124575577548161,0.0011831756618216303
2.43614931237721,-0.008300739519230103,-0.0032042939304874844,-0.00328299999354179,0.0021582136967268216,0.0033854323224227025
2.4313725490196076,-0.005618468902316599,-0.0011011974091727867,-0.002815067556640317,-0.001902200189769439,0.0015179750510555716
2.426614481409002,-0.002834334716086743,-0.00016350943714607468,0.0006517602363264228,-0.007607575146180869,0.0022174373934430993
2.421875,-0.0043138704963219966,0.00310294601502826,-0.005643897716457191,-0.0022650396585300932,0.0009167889288524543
2.4171539961013644,-0.002615172445337443,-0.003606114836188594,0.005291380812710144,-0.002872645458627261,0.0034664408421180106
2.412451361867704,0.00202264394093131,-0.005584129117355837,-0.0027088028948398664,0.005792760725828249,0.0034302383396163615
2.407766990291262,-0.004488091632639604,-0.002487793814208348,-0.002007059328155187,0.005683509607965668,0.004430936555422127
2.4031007751937983,-0.007978276651377715,0.003878110678471771,0.00017441563515650254,-0.004575183500784899,-0.00083487873637871
2.3984526112185685,-0.004458619778850034,-0.0015299499459310536,0.0004335658604821683,-0.006711288135555371,-0.0009134514295820101
2.393822393822394,-0.006990517338810549,-0.0024817728951390707,-0.0006186323840478417,-0.007986975454105963,-0.00042161320785154396
2.3892100192678227,-0.0016789465596707934,-0.004538537714922809,-0.0012040875835769632,-0.0022186328847646057,-0.006130977846403831
2.3846153846153846,-0.002621607780909993,-0.005226221335625365,-0.0027725142033746854,0.001430705363680528,-0.004914813383941605
2.380038387715931,-0.005343462090378241,-0.004958535073666572,-0.001279029877400581,0.001182025050466128,-0.0011239269803729266
2.375478927203065,-0.0028271503212098734,-0.0007014731828804464,-0.0002265809908819125,0.0039718680238453015,-1.972511173867327e-05
2.3709369024856595,-0.0011906130119717863,-0.0026082324888106363,-5.548529278974328e-05,-0.0008367493588226194,0.004629105968758287
2.366412213740458,-0.005382600486414554,0.00013198853005468448,-0.0032680627848832426,-0.0014261075660758696,-0.00036254524737309323
2.361904761904762,-0.0015239481661306158,0.0016957594847700267,-0.0018229070401396296,0.002439821733675759,0.0006701734004729397
2.3574144486692017,-0.0029495815816926877,0.002741615646601917,-0.0010570195631916704,-0.000399023361248466,-0.003427558076354662
2.3529411764705883,-0.006273092378536659,-0.005809672185054275,-0.005028641039836124,-0.003772862357794272,0.002673452169553089
2.3484848484848486,-0.006312576611418953,-0.0044111449596165595,-0.002234995195180552,0.0001494090268689832,-0.0027135483989279468
2.344045368620038,-0.0014177600618422766,-0.0026360395904042044,-0.0011266420453811858,2.7082450359738193e-05,0.003671295618019226
2.339622641509434,-0.004316254374822499,-0.0018903254508194536,0.0005159924022418365,-0.004746357432252768,0.0003262146398280629
2.335216572504708,-0.007302304691681237,-0.0015552557082623858,-0.005001022456247447,-0.0002524414113302249,-0.00489341706077023
2.330827067669173,-0.0014455027105473523,-0.002692225497248642,0.00017082269649728395,0.001930312444231476,-0.007225226656737354
2.326454033771107,0.001901550078004706,0.0018581079760403344,0.0011228628386833579,1.557489436393764e-05,0.002394412765159366
2.3220973782771535,-7.056113020796345e-05,-0.001015616217609451,0.0026064185477836775,-0.004908606753444795,0.0023541475829816304
2.317757009345794,-0.001985780218498221,-0.006893579388770691,0.0013977134220856129,-0.011114939099672724,0.002425648297092544
2.3134328358208953,0.003098129422405065,-0.00268930865529253,-0.0012177781245361063,-0.0015551250124936481,0.0019412164252695678
2.3091247672253257,0.0008158920854532356,-0.0007470318134375548,0.0018800863909045967,0.0005387420053250804,0.002068161198385457
2.3048327137546467,-0.00597385265624468,-0.008699124537144547,0.002313682764669304,-0.005622318440213768,0.003427550335465813
2.300556586270872,-0.004240260620153229,-0.001831562399507976,0.00538873267055911,-0.0013608941742194885,0.0033418945280612993
2.2962962962962963,0.0015405409834193017,0.0003136884075653903,-0.0003533973363337759,0.004128680335338996,-0.0013621019823853798
2.292051756007394,0.0007895364480648156,-0.0032542211089021415,-0.0027048629738882636,0.004097878630727507,-0.0013340210704601396
2.2878228782287824,-0.0005889871328795502,-0.0013128659084845622,-0.002337372097819719,0.0037238259332826613,0.002872873044119358
2.283609576427256,0.0021064075241525463,0.00038688072544657026,0.0029434587934808153,-0.0016251195398343584,0.005329052665030401
2.2794117647058822,0.0018287490173850723,-0.000621363110054223,0.001977042090127627,0.0024153895369914374,0.0022151630602104426
2.2752293577981653,0.003964457147586006,-0.0007797764644456086,0.003333409316315894,-0.0051872283353867595,0.004372145313415944
2.271062271062271,-0.004612902294626492,0.001999942840737918,0.0017437098525851027,0.0011939635984220725,0.00350473881486865
2.26691042047532,6.22483336597761e-05,0.0019026116969987398,0.003734339558237904,0.0013209102938225165,0.0024880416654841017
2.2627737226277373,-0.011233356098250756,-0.0001509678091030411,0.0015962541207392117,-0.0015782001629083987,0.0061191656293174594
2.2586520947176685,-0.008784016445215547,-0.0023741455668992695,0.0003274674339533768,0.0014928497908151686,0.0018655098578003694
2.2545454545454544,-0.0033761509794229725,-0.0017048305693231796,0.003948342467136542,0.0011412585448000235,-0.0016810429709068421
